PIB per cápita en dólares (ajustados a dólares de 2015),,,,,,,,,,,,,,,,,,,,,,,,,,,,,,,,,,,,,,,,,,,,,,,,,,,,,,,,,,,,,
Fuente: Banco Mundial (https://data.worldbank.org/indicator/NY.GDP.PCAP.KD),,,,,,,,,,,,,,,,,,,,,,,,,,,,,,,,,,,,,,,,,,,,,,,,,,,,,,,,,,,,,
,,,,,,,,,,,,,,,,,,,,,,,,,,,,,,,,,,,,,,,,,,,,,,,,,,,,,,,,,,,,,
,,,,,,,,,,,,,,,,,,,,,,,,,,,,,,,,,,,,,,,,,,,,,,,,,,,,,,,,,,,,,
pais,1960,1961,1962,1963,1964,1965,1966,1967,1968,1969,1970,1971,1972,1973,1974,1975,1976,1977,1978,1979,1980,1981,1982,1983,1984,1985,1986,1987,1988,1989,1990,1991,1992,1993,1994,1995,1996,1997,1998,1999,2000,2001,2002,2003,2004,2005,2006,2007,2008,2009,2010,2011,2012,2013,2014,2015,2016,2017,2018,2019,2020
Afganistán,NA,NA,NA,NA,NA,NA,NA,NA,NA,NA,NA,NA,NA,NA,NA,NA,NA,NA,NA,NA,NA,NA,NA,NA,NA,NA,NA,NA,NA,NA,NA,NA,NA,NA,NA,NA,NA,NA,NA,NA,NA,NA,320,332,323,346,354,393,399,473,526,512,558,569,565,556,553,553,547,555,530
Albania,NA,NA,NA,NA,NA,NA,NA,NA,NA,NA,NA,NA,NA,NA,NA,NA,NA,NA,NA,NA,1741,1804,1818,1800,1740,1735,1798,1749,1692,1809,1606,1163,1086,1198,1305,1488,1634,1464,1604,1822,1961,2144,2247,2381,2522,2676,2851,3045,3298,3432,3577,3678,3736,3781,3856,3953,4090,4250,4432,4543,4410
Alemania,NA,NA,NA,NA,NA,NA,NA,NA,NA,NA,17894,18421,19121,19972,20142,20042,21124,21881,22559,23485,23766,23856,23784,24221,24991,25630,26205,26531,27408,28256,29486,30767,31121,30615,31239,31628,31791,32313,32959,33559,34490,35011,34883,34620,35034,35310,36699,37842,38278,36190,37761,39977,40069,40135,40851,41103,41682,42640,42973,43329,41315
Andorra,NA,NA,NA,NA,NA,NA,NA,NA,NA,NA,35391,35160,36167,37123,37505,36247,36175,36082,35552,34463,34015,32670,31709,30897,30085,29480,29179,29565,29855,30091,30051,29643,28792,27518,27408,27642,28701,31326,32416,33625,34268,35975,36159,37620,39043,39783,40603,40392,37611,35363,34667,34957,33750,33221,34722,35771,37433,37708,38301,39004,34588
Angola,NA,NA,NA,NA,NA,NA,NA,NA,NA,NA,NA,NA,NA,NA,NA,NA,NA,NA,NA,NA,2653,2449,2363,2376,2431,2428,2412,2424,2484,2401,2241,2190,1995,1468,1441,1604,1764,1832,1857,1837,1832,1847,2031,2022,2168,2407,2589,2845,3048,2962,2994,2988,3128,3169,3207,3128,2946,2845,2717,2612,2390
Antigua y Barbuda,NA,NA,NA,NA,NA,NA,NA,NA,NA,NA,NA,NA,NA,NA,NA,NA,NA,5570,5826,6306,6830,7099,7094,7475,8234,8863,9887,10549,11091,11627,11876,11976,11908,12286,12829,12007,12525,12928,13260,13484,14070,13220,13171,13793,14400,15122,16786,18062,17771,15402,13987,13525,13803,13554,13909,14285,14919,15242,16147,16786,13286
Arabia Saudita,NA,NA,NA,NA,NA,NA,NA,NA,13739,14017,21336,24599,28857,34129,37741,32681,36613,37276,33536,35516,35380,33898,25216,19880,17858,15249,16970,15130,16404,15700,17453,19428,19606,18816,18452,18070,18162,18009,18178,17138,17691,17032,16095,17385,18220,18683,18670,18496,19118,18203,18568,19813,20250,20176,20328,20628,20503,19947,20083,19818,18700
Argelia,2170,1829,1433,1878,1937,2003,1855,1973,2124,2238,2369,2043,2532,2558,2675,2732,2879,2944,3123,3259,3186,3182,3282,3353,3433,3454,3367,3249,3128,3180,3124,3011,2994,2867,2783,2834,2899,2884,2986,3038,3111,3163,3298,3490,3593,3752,3760,3828,3856,3851,3918,3957,4012,4043,4112,4178,4224,4192,4154,4115,3834
Argentina,7363,7637,7452,6946,7532,8202,8027,8162,8430,9108,9243,9614,9614,9725,10100,9940,9591,10104,9506,10321,10318,9630,9408,9660,9655,9009,9413,9517,9269,8478,8149,8770,9339,9974,10423,10003,10431,11147,11446,10936,10731,10146,8943,9630,10389,11192,11971,12919,13311,12398,13551,14200,13896,14072,13568,13789,13360,13595,13105,12713,11344
Armenia,NA,NA,NA,NA,NA,NA,NA,NA,NA,NA,NA,NA,NA,NA,NA,NA,NA,NA,NA,NA,NA,NA,NA,NA,NA,NA,NA,NA,NA,NA,1651,1471,872,814,879,959,1030,1077,1164,1210,1290,1422,1619,1856,2062,2364,2697,3093,3335,2884,2959,3099,3313,3407,3511,3607,3601,3860,4051,4350,4021
Australia,19953,20046,19816,20647,21659,22509,22525,23645,24415,25593,26895,27041,27586,27879,28298,28325,28769,29469,29389,30250,30791,31318,31824,30730,31780,32995,33767,34105,35478,36231,36974,36362,36072,37162,38234,39223,40203,41310,42768,44369,45559,45865,47127,47997,49439,50333,50948,52539,53339,53226,53543,54108,55255,55724,56306,56707,57359,57696,58447,58781,58030
Austria,12051,12649,12905,13353,14076,14472,15182,15522,16132,17085,18102,18943,20003,20865,21650,21629,22659,23801,23770,25086,25521,25419,25912,26725,26741,27396,28009,28371,29264,30265,31341,32097,32411,32314,32963,33790,34538,35221,36442,37665,38843,39185,39636,39815,40651,41281,42496,43938,44440,42655,43335,44451,44550,44299,44245,44196,44590,45282,46189,46670,43346
Azerbaiyán,NA,NA,NA,NA,NA,NA,NA,NA,NA,NA,NA,NA,NA,NA,NA,NA,NA,NA,NA,NA,NA,NA,NA,NA,NA,NA,NA,NA,NA,NA,2821,2764,2107,1596,1264,1102,1106,1158,1262,1344,1481,1615,1754,1919,2078,2632,3501,4327,4693,5024,5215,5153,5195,5426,5506,5500,5271,5230,5262,5348,5083
Bahrein,NA,NA,NA,NA,NA,NA,NA,NA,NA,NA,NA,NA,NA,NA,NA,NA,NA,NA,NA,NA,21451,19538,17508,18131,18534,17139,16780,17885,18470,17925,18160,19651,20432,22497,21895,22185,22500,22562,22919,23047,23244,22698,22258,22336,22423,22344,22069,22112,21833,21057,20982,20774,21188,22079,22677,22634,22553,22445,21819,21317,19546
Bangladesh,463,478,490,474,511,504,501,476,505,497,512,474,401,409,441,415,428,429,447,456,448,468,465,471,481,484,491,496,495,497,512,518,534,547,556,572,586,599,617,633,654,674,687,708,733,769,809,856,897,932,973,1024,1078,1130,1185,1248,1323,1395,1481,1582,1620
Barbados,NA,NA,NA,NA,NA,NA,NA,NA,NA,NA,NA,NA,NA,NA,11667,11375,11802,12166,12694,13634,14171,13852,13133,13162,13598,13706,14358,14679,15137,15622,15049,14408,13538,13594,13814,14036,14535,15159,15657,15644,16277,15834,15905,16197,16369,16952,17914,18205,18240,17254,16784,16619,16505,16232,16188,16559,16950,17002,16803,16679,14329
Belarús,NA,NA,NA,NA,NA,NA,NA,NA,NA,NA,NA,NA,NA,NA,NA,NA,NA,NA,NA,NA,NA,NA,NA,NA,NA,NA,NA,NA,NA,NA,2891,2855,2575,2374,2099,1886,1946,2177,2370,2462,2617,2755,2912,3139,3522,3880,4294,4685,5181,5204,5622,5938,6048,6111,6213,5967,5811,5965,6166,6265,6235
Bélgica,11734,12278,12866,13326,14119,14489,14846,15335,15915,16922,17849,18527,19432,20607,21480,20997,22145,22256,22867,23381,24393,24326,24477,24555,25161,25569,26026,26604,27772,28631,29442,29870,30205,29797,30664,31330,31682,32804,33377,34480,35675,35943,36393,36617,37761,38426,39148,40290,40152,39025,39778,39929,39976,39970,40421,41008,41318,41826,42404,43066,40425
Belice,1194,1218,1242,1268,1294,1318,1340,1364,1422,1455,1489,1515,1639,1698,1899,1938,1911,2007,2135,2258,2511,2480,2414,2296,2275,2235,2272,2447,2616,2885,3145,3440,3792,3962,3889,3814,3747,3741,3735,3915,4275,4353,4448,4736,4830,4809,4898,4828,4835,4729,4768,4730,4734,4667,4770,4805,4699,4705,4710,4713,3852
Benin,679,691,657,677,710,735,747,740,753,759,758,731,761,771,779,723,711,728,718,745,775,829,824,766,804,840,833,797,800,754,795,801,797,814,803,824,833,854,862,882,906,926,940,943,956,944,953,981,1001,996,989,990,1009,1052,1088,1077,1082,1113,1155,1202,1215
Bhután,NA,NA,NA,NA,NA,NA,NA,NA,NA,NA,NA,NA,NA,NA,NA,NA,NA,NA,NA,NA,402,450,454,489,498,504,544,680,691,724,786,777,813,832,875,932,971,1005,1040,1097,1108,1176,1279,1353,1410,1489,1572,1840,1909,2018,2235,2387,2479,2501,2613,2753,2941,3041,3097,3238,2880
Bolivia,1293,1294,1340,1403,1429,1470,1543,1607,1708,1747,1800,1850,1955,2022,2037,2138,2187,2246,2242,2196,2121,2083,1960,1844,1803,1737,1657,1663,1676,1703,1744,1798,1789,1827,1873,1920,1964,2020,2080,2048,2059,2054,2066,2083,2131,2186,2251,2314,2415,2455,2514,2603,2693,2831,2939,3036,3119,3203,3291,3317,2986
Bosnia y Herzegovina,NA,NA,NA,NA,NA,NA,NA,NA,NA,NA,NA,NA,NA,NA,NA,NA,NA,NA,NA,NA,NA,NA,NA,NA,NA,NA,NA,NA,NA,NA,NA,NA,NA,NA,619,769,1478,2001,2314,2531,2848,2913,3057,3172,3371,3502,3691,3910,4132,4028,4096,4185,4216,4391,4518,4730,4941,5150,5387,5578,5438
Botswana,358,373,389,403,421,436,454,471,509,573,653,798,977,1146,1204,1258,1341,1444,1588,1714,1849,1946,2110,2307,2419,2498,2602,2800,3219,3510,3624,3778,3783,3757,3798,3968,4100,4339,4260,4572,4569,4495,4684,4817,4860,4986,5295,5612,5838,5287,5642,5899,6089,6705,6896,6403,6729,6855,6973,7051,6305
Brasil,2611,2754,2851,2786,2800,2787,2894,2935,3139,3350,3606,3917,4281,4764,5032,5168,5565,5703,5846,6095,6500,6079,5988,5680,5854,6179,6505,6602,6472,6553,6156,6111,5975,6165,6420,6585,6624,6743,6663,6596,6788,6789,6905,6896,7206,7352,7561,7937,8259,8169,8702,8966,9057,9248,9215,8814,8455,8498,8582,8622,8229
Bulgaria,NA,NA,NA,NA,NA,NA,NA,NA,NA,NA,NA,NA,NA,NA,NA,NA,NA,NA,NA,NA,3428,3584,3657,3773,3892,3997,4166,4412,4889,4784,4427,4093,3837,3810,3893,4022,4253,3675,3840,3537,3718,3937,4260,4519,4850,5231,5629,6045,6460,6289,6428,6605,6694,6693,6797,7075,7341,7599,7860,8235,7921
Burkina Faso,242,248,260,253,255,261,258,276,280,281,276,276,277,273,291,294,313,308,315,320,315,321,343,336,322,340,358,348,359,357,345,367,358,360,355,365,394,408,426,444,440,456,462,484,491,518,534,540,554,554,582,603,623,639,647,653,672,694,719,738,732
Burundi,285,241,258,264,275,279,285,316,307,296,353,357,330,350,343,341,361,394,380,377,371,406,391,395,385,418,420,431,440,434,439,450,445,409,387,351,319,311,322,315,307,306,311,298,303,296,302,302,306,308,313,316,319,325,328,306,294,286,282,278,271
Camboya,NA,NA,NA,NA,NA,NA,NA,NA,NA,NA,NA,NA,NA,NA,NA,NA,NA,NA,NA,NA,NA,NA,NA,NA,NA,NA,NA,NA,NA,NA,NA,NA,NA,579,365,388,399,403,411,452,487,516,539,575,625,696,760,825,867,855,892,940,993,1048,1105,1163,1224,1290,1366,1441,1377
Camerún,932,924,932,946,958,955,976,849,882,902,907,915,915,938,1011,1094,1005,1111,1317,1355,1289,1464,1526,1581,1647,1724,1784,1691,1510,1437,1309,1222,1150,1028,1019,1020,1035,1053,1075,1094,1107,1124,1144,1175,1224,1218,1230,1249,1249,1247,1248,1255,1278,1306,1344,1383,1407,1419,1437,1449,1420
Canadá,NA,NA,NA,NA,NA,NA,NA,NA,NA,NA,NA,NA,NA,NA,NA,NA,NA,NA,NA,NA,NA,NA,NA,NA,NA,NA,NA,NA,NA,NA,NA,NA,NA,NA,NA,NA,NA,31223,31831,32827,34122,34227,35016,36024,37086,38573,39776,42097,42064,40368,41155,42037,42316,42846,43635,43596,43537,44325,44917,45109,42259
Chad,565,562,581,560,536,529,509,504,492,516,515,492,486,435,446,476,480,481,470,362,333,329,339,383,381,452,421,398,445,452,419,441,461,377,401,393,388,397,410,392,375,403,421,465,598,676,657,656,654,659,724,701,738,754,780,776,705,663,659,660,631
Chequia,NA,NA,NA,NA,NA,NA,NA,NA,NA,NA,NA,NA,NA,NA,NA,NA,NA,NA,NA,NA,NA,NA,NA,NA,NA,NA,NA,NA,NA,NA,11627,10301,10238,10234,10528,11219,11711,11663,11633,11806,12312,12735,12960,13428,14070,14978,15949,16739,17047,16161,16506,16762,16607,16594,16951,17830,18247,19139,19685,20202,18985
Chile,3293,3394,3459,3587,3608,3574,3905,3977,4051,4142,4150,4468,4352,4068,4100,3515,3594,3909,4147,4430,4715,4952,4346,4071,4178,4282,4444,4658,4920,5321,5409,5736,6272,6577,6800,7297,7683,8140,8372,8247,8556,8727,8910,9233,9748,10210,10714,11148,11447,11200,11733,12339,12973,13272,13367,13495,13551,13540,13886,13829,12890
China,238,175,164,176,204,233,250,230,215,244,284,295,299,315,316,337,327,347,381,405,431,447,480,524,596,667,716,787,861,884,905,975,1101,1239,1385,1520,1653,1788,1910,2038,2194,2360,2558,2797,3062,3391,3801,4319,4712,5129,5647,6153,6592,7056,7533,8016,8517,9053,9619,10155,10358
Chipre,NA,NA,NA,NA,NA,NA,NA,NA,NA,NA,NA,NA,NA,NA,NA,6173,7484,8708,9350,10197,10667,10756,11269,11800,12669,13127,13458,14253,15322,16305,17143,16829,17927,17622,18280,19452,19384,19616,20561,21348,22382,23018,23603,23929,24798,25630,26394,27155,27447,26182,26020,25466,24217,22682,22514,23408,24805,26014,27161,28211,26503
Colombia,1906,1941,1984,1986,2046,2057,2102,2128,2193,2265,2346,2426,2553,2665,2756,2758,2825,2878,3052,3146,3203,3205,3165,3147,3184,3215,3333,3442,3511,3560,3640,3640,3715,3840,3987,4119,4129,4197,4151,3912,3962,3966,4003,4099,4257,4403,4638,4890,4992,4993,5163,5468,5631,5867,6069,6176,6219,6209,6272,6385,5871
Comoras,NA,NA,NA,NA,NA,NA,NA,NA,NA,NA,NA,NA,NA,NA,NA,NA,NA,NA,NA,NA,1288,1297,1340,1367,1384,1376,1362,1344,1340,1260,1285,1181,1245,1245,1146,1155,1109,1123,1108,1101,1190,1188,1186,1183,1177,1182,1185,1166,1183,1193,1208,1228,1237,1261,1258,1243,1255,1273,1290,1284,1253
Congo,1232,1303,1337,1251,1266,1278,1261,1253,1312,1372,1418,1484,1566,1645,1723,1803,1767,1562,1614,1722,1967,2247,2697,2773,2883,2769,2508,2445,2421,2417,2375,2366,2362,2275,2091,2114,2143,2069,2085,1973,2062,2080,2115,2072,2080,2172,2269,2047,2103,2272,2423,2408,2580,2499,2603,2449,2130,1985,1841,1793,1639
Costa de Marfil,1568,1663,1621,1786,2022,1887,2030,2048,2223,2343,2482,2601,2591,2621,2609,2696,2908,2981,3161,3095,2637,2612,2507,2309,2156,2164,2151,2065,2014,1999,1908,1841,1772,1707,1663,1723,1797,1910,1933,1902,1848,1765,1679,1567,1583,1565,1575,1558,1596,1616,1687,1559,1637,1769,1887,1973,2061,2157,2248,2328,2314
Costa Rica,3600,3534,3591,3701,3704,3874,4012,4110,4328,4439,4644,4831,5097,5357,5516,5492,5648,5993,6201,6336,6214,5911,5333,5338,5612,5503,5656,5772,5817,5989,6041,6019,6404,6684,6811,6921,6846,7053,7389,7539,7678,7805,7940,8158,8395,8606,9110,9725,10053,9838,10237,10559,10945,11090,11355,11643,12005,12376,12574,12755,12127
Croacia,NA,NA,NA,NA,NA,NA,NA,NA,NA,NA,NA,NA,NA,NA,NA,NA,NA,NA,NA,NA,NA,NA,NA,NA,NA,NA,NA,NA,NA,NA,NA,NA,NA,NA,NA,7264,7804,8323,8512,8474,8806,9428,9962,10510,10943,11400,11960,12550,12790,11871,11749,11780,11547,11537,11544,11933,12442,13022,13520,14068,12985
Cuba,NA,NA,NA,NA,NA,NA,NA,NA,NA,NA,2654,2831,2916,2966,2949,3186,3321,3576,3781,3796,3590,4276,4638,4869,5228,5277,5237,5061,5192,5174,4978,4414,3880,3286,3295,3360,3607,3690,3680,3891,4106,4222,4269,4419,4665,5183,5808,6236,6501,6601,6759,6942,7138,7318,7379,7694,7726,7863,8041,8031,7156
Dinamarca,18107,19128,20056,20025,21707,22520,22952,24031,25212,26705,26928,27545,28464,29451,28985,28480,30092,30559,31143,32269,32074,31869,33068,33949,35382,36784,38536,38585,38561,38787,39295,39740,40384,40254,42257,43310,44315,45570,46412,47622,49242,49470,49542,49600,50792,51836,53687,53936,53345,50457,51173,51644,51567,51832,52405,53255,54556,55736,56563,57553,56202
Djibouti,NA,NA,NA,NA,NA,NA,NA,NA,NA,NA,NA,NA,NA,NA,NA,NA,NA,NA,NA,NA,NA,NA,NA,NA,NA,NA,NA,NA,NA,NA,NA,NA,NA,NA,NA,NA,NA,NA,NA,NA,NA,NA,NA,NA,NA,NA,NA,NA,NA,NA,NA,NA,NA,2384,2509,2653,2795,2901,2993,3111,3102
Dominica,NA,NA,NA,NA,NA,NA,NA,NA,NA,NA,NA,NA,NA,NA,NA,NA,NA,2880,3147,2546,2873,3184,3329,3438,3614,3697,3995,4288,4664,4688,4963,5033,5122,5213,5198,5351,5531,5679,5928,5979,6134,6129,5941,6295,6461,6485,6774,7196,7705,7613,7661,7640,7555,7473,7820,7597,7793,7261,7502,7894,6567
Ecuador,2571,2628,2679,2659,2774,2783,2694,2737,2709,2753,2858,2952,3012,3336,3607,3893,4069,4025,4143,4186,4230,4354,4270,4150,4153,4211,4250,4137,4276,4217,4270,4350,4341,4328,4413,4415,4396,4491,4544,4244,4209,4299,4397,4441,4725,4893,5023,5048,5281,5225,5324,5655,5885,6084,6218,6124,5947,5981,5952,5854,5316
El Salvador,NA,NA,NA,NA,NA,2636,2745,2814,2827,2847,2855,2889,2989,3057,3145,3163,3250,3398,3507,3298,2727,2530,2334,2337,2336,2319,2293,2320,2334,2326,2406,2409,2543,2655,2743,2839,2831,2892,2942,2981,2993,2999,3029,3060,3072,3140,3262,3308,3364,3280,3335,3447,3529,3591,3636,3706,3781,3847,3921,3994,3632
Emiratos Árabes Unidos,NA,NA,NA,NA,NA,NA,NA,NA,NA,NA,NA,NA,NA,NA,NA,99453,99607,104937,90890,98553,111574,108563,95338,86109,85033,77644,62368,60813,55816,59120,66024,62854,61295,58633,59365,60169,60549,62265,59298,57875,60716,58422,56815,57932,57910,53845,51197,45389,40755,34580,32535,33246,33997,35496,36996,38663,39400,39799,39671,40438,37498
Eritrea,NA,NA,NA,NA,NA,NA,NA,NA,NA,NA,NA,NA,NA,NA,NA,NA,NA,NA,NA,NA,NA,NA,NA,NA,NA,NA,NA,NA,NA,NA,NA,NA,512,585,716,741,813,877,888,876,828,870,857,796,772,762,731,722,638,650,654,701,NA,NA,NA,NA,NA,NA,NA,NA,NA
Eslovaquia,NA,NA,NA,NA,NA,NA,NA,NA,NA,NA,NA,NA,NA,NA,NA,NA,NA,NA,NA,NA,NA,NA,NA,NA,NA,NA,NA,NA,NA,NA,NA,NA,6655,6756,7147,7542,8024,8484,8818,8800,8915,9222,9641,10178,10717,11426,12396,13734,14488,13679,14526,14890,15067,15149,15547,16342,16636,17106,17730,18167,17361
Eslovenia,NA,NA,NA,NA,NA,NA,NA,NA,NA,NA,NA,NA,NA,NA,NA,NA,NA,NA,NA,NA,NA,NA,NA,NA,NA,NA,NA,NA,NA,NA,NA,NA,NA,NA,NA,13276,13710,14422,14927,15712,16241,16737,17302,17803,18568,19239,20280,21575,22297,20428,20613,20747,20157,19922,20454,20890,21541,22564,23476,24071,22899
España,6215,6887,7503,8151,8499,8933,9482,9773,10282,11088,11436,11825,12648,13483,14086,14010,14321,14576,14648,14525,14727,14604,14697,14885,15088,15382,15835,16670,17482,18297,18970,19404,19488,19187,19551,20002,20449,21117,21954,22847,23938,24708,25026,25311,25655,26146,26763,27219,27026,25779,25703,25403,24635,24361,24772,25742,26500,27224,27726,28102,24939
Estados Unidos,19135,19254,20116,20701,21600,22697,23894,24227,25137,25664,25295,25800,26868,28115,27709,27380,28583,29605,30915,31543,31162,31641,30775,31893,33906,35009,35888,36799,37989,39014,39303,38740,39552,40108,41215,41821,42896,44268,45716,47361,48746,48727,49095,50036,51485,52790,53738,54300,53854,51996,52963,53395,54213,54831,55675,56763,57293,58215,59600,60687,58060
Estonia,NA,NA,NA,NA,NA,NA,NA,NA,NA,NA,NA,NA,NA,NA,NA,NA,NA,NA,NA,NA,NA,NA,NA,NA,NA,NA,NA,NA,NA,NA,NA,NA,NA,NA,NA,7138,7602,8692,9157,9091,9960,10626,11417,12362,13283,14631,16155,17459,16608,14205,14586,15693,16257,16553,17097,17402,17946,18962,19678,20408,19767
Eswatini,NA,NA,NA,NA,NA,NA,NA,NA,NA,NA,972,1074,1099,1164,1195,1320,1253,1226,1202,1199,1304,1444,1411,1380,1414,1418,1538,1704,1757,1922,2258,2236,2250,2266,2270,2330,2371,2400,2421,2456,2472,2477,2572,2662,2749,2902,3060,3175,3179,3206,3304,3356,3513,3624,3630,3680,3686,3725,3775,3833,3723
Etiopía,NA,NA,NA,NA,NA,NA,NA,NA,NA,NA,NA,NA,NA,NA,NA,NA,NA,NA,NA,NA,NA,303,298,313,294,253,269,297,289,278,276,248,218,238,237,244,265,265,249,254,262,276,272,259,286,310,335,363,391,414,453,490,518,556,596,641,682,728,757,800,827
Fiji,2197,2197,2199,2260,2295,2169,2112,2337,2467,2478,2734,2862,3012,3294,3312,3265,3292,3423,3424,3767,3626,3763,3446,3227,3423,3213,3429,3188,3214,3445,3625,3494,3662,3688,3822,3868,4008,3878,3892,4202,4107,4174,4301,4339,4559,4570,4620,4535,4532,4426,4524,4627,4683,4902,5172,5391,5499,5760,5938,5869,4944
Filipinas,1193,1220,1237,1281,1283,1310,1327,1356,1383,1407,1417,1451,1487,1572,1580,1620,1714,1760,1801,1851,1895,1907,1924,1907,1725,1564,1576,1602,1664,1722,1730,1681,1647,1643,1675,1712,1772,1822,1773,1792,1831,1847,1876,1931,2018,2078,2149,2251,2310,2305,2433,2484,2611,2740,2867,3001,3168,3338,3501,3665,3272
Finlandia,11425,12208,12487,12806,13402,14066,14346,14578,14846,16280,17129,17510,18753,19949,20487,20764,20773,20765,21310,22769,23922,24133,24744,25364,26046,26858,27508,28411,29806,31210,31280,29278,28155,27834,28812,29913,30908,32768,34465,35891,37884,38785,39351,40044,41522,42531,44074,46213,46359,42412,43564,44467,43637,43045,42711,42802,43879,45174,45629,46135,45010
Francia,11176,11579,12200,12780,13451,13938,14521,15102,15657,16644,17526,18313,18986,20033,20745,20416,21192,21827,22602,23309,23572,23708,24176,24343,24574,24833,25270,25770,26840,27855,28524,28663,28977,28671,29238,29746,30060,30653,31637,32551,33597,34015,34152,34190,34900,35214,35826,36468,36357,35131,35640,36246,36183,36205,36379,36653,36957,37694,38292,38912,35786
Gabón,3387,3849,4092,4288,4421,4713,4837,4937,4956,5246,5589,6046,6610,7152,9790,11438,15188,12985,9637,9454,9461,9698,9161,9427,9869,9383,9056,7299,8011,8458,8656,8937,8430,8531,8618,8815,8905,9182,9268,8236,7888,7867,7662,7647,7507,7504,7092,7301,6846,6635,6864,7086,7181,7305,7350,7385,7313,7145,7020,7116,6818
Georgia,NA,NA,NA,NA,NA,1796,1910,2009,2080,2159,2396,2429,2473,2611,2816,3001,3162,3357,3585,3821,3962,4137,4184,4326,4522,4704,4281,4301,4495,4160,3546,2778,1519,1066,970,1033,1191,1359,1437,1509,1567,1668,1775,1984,2112,2330,2564,2901,2980,2897,3101,3357,3597,3739,3903,4014,4128,4328,4539,4773,4448
Ghana,1154,1157,1166,1179,1169,1153,1075,1082,1062,1099,1176,1205,1142,1143,1189,1016,960,963,1026,980,962,905,818,758,799,815,832,847,869,888,891,912,920,937,942,954,973,988,1009,1028,1041,1056,1077,1105,1139,1176,1220,1240,1319,1348,1419,1580,1686,1768,1777,1774,1793,1896,1970,2054,2021
Granada,NA,NA,NA,NA,NA,NA,NA,NA,NA,NA,NA,NA,NA,NA,NA,NA,NA,3269,3487,3703,3665,3657,3705,3724,3761,3926,4199,4616,4816,5059,5295,5361,5277,5117,5146,5206,5398,5638,6272,6678,6977,6809,7016,7653,7578,8559,8195,8677,8736,8133,8058,8077,7934,8067,8601,9097,9380,9743,10115,10133,8699
Grecia,5031,5650,5637,6281,6847,7549,7981,8365,8909,9903,10727,11518,12606,13564,12644,13324,14017,14243,15078,15380,15333,14960,14700,14457,14674,14984,15012,14624,15196,15691,15526,15816,15806,15462,15692,15947,16331,16980,17543,18013,18643,19312,19997,21105,22118,22186,23369,24073,23929,22839,21560,19401,18124,17796,18000,18084,18071,18304,18647,19004,17324
Guatemala,1855,1879,1889,2009,2042,2072,2125,2153,2280,2327,2399,2472,2591,2703,2810,2801,2941,3100,3181,3253,3292,3228,3032,2875,2811,2718,2648,2667,2695,2725,2734,2759,2817,2854,2896,2966,2981,3039,3116,3160,3195,3192,3240,3251,3282,3320,3428,3574,3621,3570,3606,3689,3732,3802,3903,3995,4034,4091,4160,4254,4126
Guinea,NA,NA,NA,NA,NA,NA,NA,NA,NA,NA,NA,NA,NA,NA,NA,NA,NA,NA,NA,NA,NA,NA,NA,NA,NA,NA,526,527,544,548,555,554,557,569,577,588,598,613,619,627,628,637,657,653,655,661,655,684,696,673,689,712,738,750,760,769,830,891,921,946,962
Guinea Ecuatorial,NA,NA,NA,NA,NA,NA,NA,NA,NA,NA,NA,NA,NA,NA,NA,NA,NA,NA,NA,NA,528,528,502,486,457,486,453,455,453,435,414,397,518,556,626,710,1139,2737,3254,3926,4454,6983,8004,8745,11559,12908,13283,14620,16439,15906,13841,14099,14614,13422,12927,11283,9894,8987,8124,7413,6860
Guinea-Bissau,NA,NA,NA,NA,NA,NA,NA,NA,NA,NA,517,488,509,505,520,555,579,536,606,616,513,597,610,575,612,622,603,607,621,644,669,687,679,678,685,700,766,800,564,559,577,578,560,550,552,562,562,566,570,574,586,617,590,593,584,603,625,645,638,650,619
Guyana,2721,2764,2716,2320,2522,2728,2816,2888,2874,3033,3121,3178,3038,3042,3241,3478,3493,3364,3270,3185,3224,3265,2836,2651,2530,2607,2604,2651,2577,2467,2398,2540,2722,2922,3152,3300,3565,3799,3756,3889,3851,3947,3994,3966,4025,3944,4146,4443,4512,4682,4847,5089,5339,5505,5568,5577,5760,5945,6179,6478,9250
Haití,1730,1647,1742,1677,1617,1621,1581,1518,1537,1567,1549,1621,1610,1659,1725,1713,1823,1854,1929,2031,2133,2026,1908,1881,1843,1812,1764,1713,1681,1599,1583,1581,1469,1363,1177,1270,1299,1310,1315,1327,1316,1289,1281,1304,1266,1284,1286,1325,1339,1396,1297,1343,1329,1367,1371,1387,1393,1410,1415,1374,1312
Honduras,1221,1209,1243,1253,1284,1360,1393,1433,1484,1450,1459,1473,1512,1584,1518,1504,1612,1725,1773,1815,1771,1696,1611,1577,1627,1668,1705,1765,1744,1741,1739,1634,1685,1744,1699,1754,1736,1765,1777,1715,1790,1791,1810,1846,1913,1981,2063,2141,2184,2086,2121,2160,2207,2228,2256,2302,2351,2424,2475,2499,2239
Hungría,NA,NA,NA,NA,NA,NA,NA,NA,NA,NA,NA,NA,NA,NA,NA,NA,NA,NA,NA,NA,NA,NA,NA,NA,NA,NA,NA,NA,NA,NA,NA,7592,7363,7328,7555,7678,7698,7955,8285,8564,8971,9357,9829,10260,10797,11283,11747,11797,11937,11167,11314,11557,11470,11710,12237,12721,13038,13631,14379,15041,14401
India,303,308,310,322,339,323,317,334,338,353,363,361,351,354,350,373,371,388,401,372,388,401,406,425,432,444,455,463,497,515,533,528,545,560,586,618,653,666,695,743,758,781,797,845,898,954,1015,1076,1093,1162,1244,1293,1347,1416,1503,1606,1719,1817,1914,1966,1818
Indonesia,601,619,614,585,589,580,580,572,618,642,673,701,731,770,805,829,866,915,954,998,1072,1130,1129,1152,1204,1208,1252,1289,1336,1414,1490,1563,1637,1715,1815,1934,2054,2120,1816,1805,1868,1909,1968,2035,2109,2199,2289,2403,2514,2595,2720,2849,2981,3104,3217,3332,3457,3590,3733,3877,3757
Iraq,NA,NA,NA,NA,NA,NA,NA,NA,1266,1262,1275,1300,1305,1319,1482,1614,1831,1807,2050,2403,2911,2810,2828,2395,2301,2279,2332,2495,2441,2312,3559,1246,1606,2032,2047,2027,2182,2564,3352,3823,4337,4284,3819,2352,3515,3493,3620,3627,3860,3909,4052,4218,4631,4794,4628,4688,5183,4961,4975,5133,4448
Irlanda,NA,NA,NA,NA,NA,NA,NA,NA,NA,NA,12017,12290,12894,13288,13627,14163,14145,15101,15958,16231,16539,16890,17113,16951,17580,18093,18007,18845,19913,21155,22926,23235,23848,24368,25670,27999,29826,32781,35282,38557,41623,43139,44919,45523,47731,49382,50462,51625,48314,45386,45932,46221,46001,46339,50010,62012,62569,67424,72608,75143,78733
Islandia,NA,NA,NA,NA,NA,NA,NA,NA,NA,NA,NA,NA,NA,NA,NA,NA,NA,NA,NA,NA,NA,NA,NA,NA,NA,NA,NA,NA,NA,NA,NA,NA,NA,NA,NA,34188,35557,37303,39623,40726,42175,43288,43143,43764,46766,48851,50732,53646,53821,49527,48194,48934,49192,50947,51233,52952,55514,56501,57699,57819,53188
Islas Marshall,NA,NA,NA,NA,NA,NA,NA,NA,NA,NA,NA,NA,NA,NA,NA,NA,NA,NA,NA,NA,NA,2500,2507,2767,2742,2452,2911,3036,3129,2960,2947,2880,3033,3177,3338,3595,3220,3017,2998,2957,2977,3139,3197,3081,3053,3080,3042,3124,2925,3013,3208,3179,3096,3208,3163,3200,3226,3312,3409,3613,3509
Islas Salomón,NA,NA,NA,NA,NA,NA,NA,NA,NA,NA,NA,NA,NA,NA,NA,NA,NA,NA,NA,NA,2374,2255,2145,2157,2094,1968,1907,2010,1979,2007,1995,2055,2252,2276,2392,2560,2529,2437,2401,2324,1939,1737,1644,1706,1774,1827,1871,1910,1976,1980,2099,2195,2178,2232,2195,2167,2234,2292,2321,2290,2136
Israel,NA,NA,NA,NA,NA,NA,NA,NA,NA,NA,NA,NA,NA,NA,NA,NA,NA,NA,NA,NA,NA,NA,NA,NA,NA,NA,NA,NA,NA,NA,NA,NA,NA,NA,NA,25180,26008,26362,26848,27107,28748,28107,27493,27311,28151,28810,29940,31208,31718,31323,32505,33678,33995,34961,35711,35808,36680,37551,38301,38995,37488
Italia,9688,10413,10984,11516,11741,12023,12644,13454,14245,15028,15736,15948,16443,17495,18337,17847,19024,19428,19986,21116,21795,21953,22027,22277,22990,23627,24301,25074,26113,26978,27491,27894,28108,27851,28444,29265,29627,30154,30691,31185,32351,32964,32998,32897,33150,33258,33752,34081,33530,31615,32058,32229,31185,30258,29980,30242,30686,31244,31593,32120,29358
Jamaica,NA,NA,NA,NA,NA,NA,3945,3966,4142,4316,4770,4814,5590,5198,4900,4816,4434,4266,4213,4116,3826,3866,3881,3889,3772,3615,3648,3906,4037,4301,4452,4630,4679,5071,5091,5160,5104,4996,4833,4839,4841,4870,4934,5083,5121,5138,5260,5308,5240,4987,4889,4946,4888,4884,4890,4908,4949,4974,5044,5065,4539
Japón,6261,6952,7501,8055,8902,9320,10217,11233,12538,13936,14114,14457,15455,16463,16047,16334,16802,17371,18121,18953,19334,20012,20525,21123,21912,22899,23528,24503,26027,27200,28422,29308,29463,29232,29467,30171,31046,31276,30795,30636,31431,31476,31416,31830,32515,33099,33532,33990,33558,31651,32942,33011,33518,34240,34387,34961,35242,35862,36117,36081,34556
Jordania,NA,NA,NA,NA,NA,NA,NA,NA,NA,NA,NA,NA,NA,NA,NA,NA,2699,2847,3180,3733,4019,4544,4676,4388,4390,4101,4161,4100,4000,3421,3252,3134,3388,3351,3351,3420,3386,3414,3449,3504,3588,3708,3849,3923,4148,4341,4516,4679,4787,4782,4644,4521,4387,4275,4221,4164,4119,4106,4110,4134,4029
Kazajstán,NA,NA,NA,NA,NA,NA,NA,NA,NA,NA,NA,NA,NA,NA,NA,NA,NA,NA,NA,NA,NA,NA,NA,NA,NA,NA,NA,NA,NA,NA,5831,5157,4887,4454,3949,3701,3776,3901,3894,4037,4446,5055,5551,6046,6581,7155,7838,8438,8555,8488,8979,9507,9824,10264,10539,10511,10476,10759,11053,11403,10974
Kenya,751,672,712,750,763,753,836,835,872,909,837,986,1114,1137,1140,1108,1090,1149,1182,1225,1244,1242,1213,1183,1159,1164,1202,1229,1259,1273,1283,1259,1209,1176,1170,1186,1200,1171,1177,1171,1146,1157,1132,1135,1160,1196,1239,1287,1255,1261,1326,1357,1382,1397,1430,1465,1490,1511,1560,1603,1563
Kirguistán,NA,NA,NA,NA,NA,NA,NA,NA,NA,NA,NA,NA,NA,NA,NA,NA,NA,NA,NA,NA,NA,NA,NA,NA,NA,NA,1023,1037,1153,1161,1203,1090,928,785,627,587,620,671,675,689,718,749,742,786,831,821,837,900,966,982,966,1011,994,1081,1102,1121,1146,1177,1198,1227,1103
Kiribati,NA,NA,NA,NA,NA,NA,NA,NA,NA,NA,2161,2078,2293,2732,3914,4064,2933,2757,2745,2391,1969,1878,1981,1938,1999,1824,1767,1564,1662,1566,1519,1492,1484,1478,1485,1465,1467,1468,1538,1488,1554,1506,1537,1541,1488,1531,1497,1493,1429,1409,1366,1366,1415,1453,1417,1535,1506,1481,1536,1505,1474
Kuwait,NA,NA,NA,NA,NA,NA,NA,NA,NA,NA,NA,NA,NA,NA,NA,NA,NA,NA,NA,NA,NA,NA,NA,NA,NA,NA,NA,NA,NA,NA,NA,NA,NA,NA,NA,34712,34473,33603,32534,29979,29952,29186,29591,34322,37169,39850,40977,41171,39777,34800,32035,33167,33455,32136,30857,29870,29801,27702,27819,27207,24429
Lesotho,231,231,262,284,301,302,294,319,311,309,309,317,309,382,413,348,376,445,511,511,483,473,481,478,492,493,504,497,528,547,567,593,620,628,651,660,684,697,697,693,715,739,747,785,804,836,874,912,962,948,996,1037,1097,1109,1120,1146,1178,1132,1109,1127,1033
Letonia,NA,NA,NA,NA,NA,NA,NA,NA,NA,NA,NA,NA,NA,NA,NA,NA,NA,NA,NA,NA,NA,NA,NA,NA,NA,NA,NA,NA,NA,NA,NA,NA,NA,NA,NA,4971,5157,5669,6085,6304,6727,7245,7849,8593,9407,10528,11896,13186,12893,11240,10964,11451,12410,12796,13163,13786,14242,14845,15558,16056,15560
Líbano,NA,NA,NA,NA,NA,NA,NA,NA,NA,NA,NA,NA,NA,NA,NA,NA,NA,NA,NA,NA,NA,NA,NA,NA,NA,NA,NA,NA,5062,2869,3531,5062,5598,5876,6059,6221,6766,6748,6929,6793,6713,6712,6625,6517,6677,6668,6684,7295,7961,8687,9115,8754,8434,8201,7938,7643,7552,7503,7318,6816,5072
Liberia,NA,NA,NA,NA,NA,NA,NA,NA,NA,NA,NA,NA,NA,NA,NA,NA,NA,NA,NA,NA,NA,NA,NA,NA,NA,NA,NA,NA,NA,NA,NA,NA,NA,NA,NA,NA,NA,NA,NA,NA,776,770,780,536,540,554,578,609,626,634,649,680,713,754,740,722,693,692,683,650,616
Libia,NA,NA,NA,NA,NA,NA,NA,NA,NA,NA,NA,NA,NA,NA,NA,NA,NA,NA,NA,NA,NA,NA,NA,NA,NA,NA,NA,NA,NA,NA,NA,NA,NA,NA,NA,NA,NA,NA,NA,10526,10747,10392,10129,11265,11583,12760,13386,14010,13794,13025,13539,6670,12386,10101,7723,7590,7392,9662,10277,8993,6748
Lituania,NA,NA,NA,NA,NA,NA,NA,NA,NA,NA,NA,NA,NA,NA,NA,NA,NA,NA,NA,NA,NA,NA,NA,NA,NA,NA,NA,NA,NA,NA,NA,NA,NA,NA,NA,4936,5230,5707,6178,6151,6423,6899,7424,8276,8919,9766,10659,11985,12425,10700,11107,12047,12679,13262,13850,14264,14810,15662,16444,17241,17214
Luxemburgo,25520,26257,26290,26913,28707,28173,28281,28249,29356,32125,35514,36115,38034,40743,41909,38730,39515,40066,41624,42500,42705,42345,42789,44056,46734,47946,52497,54218,58382,63482,66027,70780,71117,73116,74883,74896,74917,77993,82170,87695,92528,94244,96270,97598,100293,101222,105614,112418,110095,104574,106544,105290,104488,105339,105584,105462,108351,107142,107202,108570,104879
Macedonia del Norte,NA,NA,NA,NA,NA,NA,NA,NA,NA,NA,NA,NA,NA,NA,NA,NA,NA,NA,NA,NA,NA,NA,NA,NA,NA,NA,NA,NA,NA,NA,3654,3433,3215,2982,2933,2898,2923,2955,3038,3155,3283,3169,3240,3301,3446,3601,3780,4018,4231,4208,4340,4434,4408,4531,4687,4862,4995,5044,5185,5386,5067
Madagascar,814,811,809,782,793,770,766,788,820,828,849,858,824,781,774,762,718,715,676,722,708,620,591,580,573,563,559,549,552,559,560,509,500,496,481,474,469,472,475,482,488,501,426,453,463,471,482,495,514,480,469,464,465,463,465,467,473,479,481,489,442
Malasia,1235,1288,1327,1380,1410,1475,1547,1566,1650,1689,1748,1878,2007,2190,2317,2279,2480,2606,2708,2887,3026,3160,3269,3392,3566,3437,3383,3456,3688,3906,4139,4414,4684,5020,5348,5727,6141,6424,5803,6010,6393,6286,6488,6728,7044,7275,7531,7850,8074,7809,8248,8550,8889,9179,9601,9955,10258,10708,11076,11415,10632
Malawi,179,188,185,178,178,197,218,228,218,225,220,249,257,256,267,276,281,286,304,308,301,278,278,281,287,287,272,260,253,244,249,265,243,266,238,275,290,294,297,298,294,273,271,279,287,289,295,314,328,346,359,366,362,370,381,381,380,384,391,401,394
Maldivas,NA,NA,NA,NA,NA,NA,NA,NA,NA,NA,NA,NA,NA,NA,NA,NA,NA,NA,NA,NA,NA,NA,NA,NA,NA,NA,NA,NA,NA,NA,NA,NA,NA,NA,NA,5539,5858,6238,6590,6867,6982,6544,6832,7553,7788,6589,8110,8535,9119,8222,8522,8893,8733,8955,9182,9033,9190,9438,9823,10197,6661
Malí,NA,NA,NA,NA,NA,NA,NA,351,359,355,372,375,390,378,366,401,448,468,453,491,461,459,416,415,406,479,485,477,506,519,497,543,513,516,521,512,534,546,572,588,572,641,641,678,667,688,697,697,707,717,732,732,705,701,729,751,772,789,802,815,782
Malta,NA,NA,NA,NA,NA,NA,NA,NA,NA,NA,3135,3212,3402,3546,3905,4634,5395,6029,6632,7254,7685,7881,7890,7732,7803,7865,8036,8309,8934,9571,10074,10420,10797,11168,11690,12345,12727,13295,13886,14456,17189,16860,17165,17747,17653,18134,18522,19338,19948,19574,20558,20566,21222,22071,23286,24922,25181,27216,27868,28364,25427
Marruecos,NA,NA,NA,NA,NA,NA,728,781,838,888,910,940,943,957,990,1041,1128,1168,1166,1192,1206,1156,1229,1217,1265,1311,1402,1370,1503,1517,1540,1621,1559,1521,1655,1541,1707,1658,1755,1752,1763,1870,1905,1995,2066,2109,2242,2295,2402,2473,2534,2631,2673,2755,2789,2875,2867,2950,3005,3045,2819
Mauricio,NA,NA,NA,NA,NA,NA,NA,NA,NA,NA,NA,NA,NA,NA,NA,NA,2350,2464,2525,2568,2271,2370,2469,2456,2545,2700,2940,3178,3370,3494,3718,3842,4038,4194,4306,4452,4653,4857,5098,5165,5534,5674,5726,6022,6243,6316,6593,6939,7286,7508,7818,8124,8384,8647,8955,9260,9609,9967,10336,10644,9058
Mauritania,NA,1216,1189,1132,1403,1581,1538,1545,1652,1623,1763,1743,1679,1555,1693,1560,1644,1566,1513,1540,1546,1553,1473,1484,1396,1398,1438,1426,1412,1442,1379,1368,1358,1401,1324,1418,1463,1369,1371,1385,1296,1252,1234,1283,1307,1379,1585,1510,1462,1422,1417,1433,1454,1470,1489,1524,1500,1550,1575,1621,1550
México,3742,3809,3864,4050,4393,4561,4691,4814,5107,5121,5290,5326,5594,5858,6021,6192,6293,6338,6731,7202,7677,8134,7904,7455,7539,7538,7154,7130,7080,7229,7461,7632,7761,7773,8019,7391,7766,8169,8461,8567,8862,8703,8581,8587,8801,8878,9143,9214,9181,8569,8879,9076,9280,9283,9426,9617,9752,9842,9946,9820,8923
Micronesia,NA,NA,NA,NA,NA,NA,NA,NA,NA,NA,NA,NA,NA,NA,NA,NA,NA,NA,NA,NA,NA,NA,NA,NA,NA,NA,2482,2454,2461,2492,2525,2645,2680,2828,2756,2908,2796,2622,2704,2752,2895,2964,2984,3035,2949,3023,3042,3013,2966,3015,3085,3167,3076,2923,2815,2907,2897,2942,2917,2921,2839
Mónaco,NA,NA,NA,NA,NA,NA,NA,NA,NA,NA,75169,78318,80841,84744,87166,85038,87676,89778,92330,94502,94798,94229,94876,94444,94434,94965,96577,98617,102884,106886,109249,109628,110270,108226,109566,110812,111067,112582,115470,118225,121655,123069,123081,123143,124848,125925,131882,149447,148993,130795,132094,139708,139443,150972,160000,165990,170154,162819,171224,181709,159222
Mongolia,NA,NA,NA,NA,NA,NA,NA,NA,NA,NA,NA,NA,NA,NA,NA,NA,NA,NA,NA,NA,NA,1433,1514,1562,1613,1660,1765,1775,1816,1846,1752,1575,1413,1357,1375,1452,1472,1517,1554,1588,1592,1624,1685,1784,1952,2068,2217,2411,2588,2515,2630,3028,3336,3651,3860,3875,3859,4001,4234,4395,4127
Montenegro,NA,NA,NA,NA,NA,NA,NA,NA,NA,NA,NA,NA,NA,NA,NA,NA,NA,NA,NA,NA,NA,NA,NA,NA,NA,NA,NA,NA,NA,NA,NA,NA,NA,NA,NA,NA,NA,4489,4723,4291,4432,4462,4529,4623,4819,5013,5436,5798,6206,5834,5982,6169,5996,6203,6307,6517,6708,7023,7382,7684,6516
Mozambique,NA,NA,NA,NA,NA,NA,NA,NA,NA,NA,NA,NA,NA,NA,NA,NA,NA,NA,NA,NA,242,248,226,187,172,172,167,192,208,221,220,225,204,217,222,219,236,256,275,299,295,321,341,353,370,384,409,429,448,463,480,502,523,544,569,590,595,600,603,599,575
Myanmar,NA,145,145,155,156,156,156,144,145,152,155,158,159,157,156,160,165,171,177,184,191,201,208,214,219,223,221,212,192,181,184,184,190,202,213,226,238,249,260,279,310,345,381,427,481,542,610,682,753,826,903,963,1017,1088,1168,1197,1313,1380,1460,1548,1587
Namibia,NA,NA,NA,NA,NA,NA,NA,NA,NA,NA,NA,NA,NA,NA,NA,NA,NA,NA,NA,NA,3288,3249,3165,3034,2947,2872,2908,2902,2816,2766,2731,2866,2990,2871,2853,2899,2928,2989,3027,3072,3125,3111,3211,3298,3647,3681,3875,4012,4044,3982,4147,4282,4421,4588,4782,4897,4809,4671,4632,4505,4075
Nauru,NA,NA,NA,NA,NA,NA,NA,NA,NA,NA,NA,NA,NA,NA,NA,NA,NA,NA,NA,NA,NA,NA,NA,NA,NA,NA,NA,NA,NA,NA,NA,NA,NA,NA,NA,NA,NA,NA,NA,NA,NA,NA,NA,NA,3432,3347,3669,2825,3441,3729,4117,4501,4980,6458,8110,8341,8556,7986,8393,8326,8367
Nepal,328,329,330,331,349,339,357,345,340,349,350,339,343,334,348,345,352,355,362,363,346,366,372,352,377,392,400,398,420,428,437,452,458,463,488,493,507,521,525,538,561,578,570,584,603,616,629,643,675,700,730,754,791,821,871,902,897,965,1021,1070,1026
Nicaragua,1681,1751,1882,2024,2193,2330,2335,2423,2383,2456,2415,2419,2398,2475,2740,2652,2706,2843,2542,1814,1843,1887,1820,1853,1777,1663,1608,1561,1338,1286,1258,1228,1205,1174,1187,1232,1286,1313,1339,1410,1445,1466,1456,1472,1529,1573,1616,1675,1709,1630,1679,1761,1851,1916,1982,2050,2116,2186,2086,1983,1924
Níger,768,780,836,889,864,898,869,846,825,758,760,781,720,581,615,581,569,595,656,683,647,628,623,582,471,492,509,495,513,503,481,464,458,444,437,433,418,410,435,419,399,413,418,411,398,411,420,417,432,424,443,437,464,470,482,484,493,498,514,524,523
Nigeria,1434,1408,1435,1526,1568,1610,1508,1244,1201,1459,1783,1990,2009,2066,2238,2065,2188,2251,2058,2133,2160,1826,1658,1440,1389,1433,1397,1405,1469,1458,1589,1554,1586,1515,1451,1414,1437,1443,1444,1417,1451,1499,1685,1764,1878,1948,2013,2090,2173,2286,2404,2464,2501,2597,2688,2687,2575,2529,2512,2503,2396
Noruega,19134,20174,20575,21193,22087,23075,23758,25034,25386,26314,26631,27945,29210,30322,31316,32686,34428,35710,36950,38434,40060,40560,40507,41977,44392,46717,48433,49052,48664,48967,49741,51032,52552,53726,56122,58152,60767,63632,64914,65769,67438,68489,69106,69327,71655,73037,74190,75624,75044,72823,72427,72195,73179,73047,73650,74356,74493,75611,75954,76005,75017
Nueva Zelandia,NA,NA,NA,NA,NA,NA,NA,NA,NA,NA,NA,NA,NA,NA,NA,NA,NA,22485,22549,23134,23402,24397,24381,24891,25860,26116,26829,26857,26688,26603,26399,24876,24888,26178,27155,28024,28581,28787,28760,30169,30863,31745,32657,33475,34310,35052,35625,36363,35655,35252,35394,35916,36521,37219,38002,38631,39196,39759,40365,40599,39216
Omán,NA,NA,NA,NA,NA,2553,2615,4227,7468,9102,10035,9786,10368,8553,9140,10857,12446,11924,10872,10729,10761,11912,12574,13905,15435,16806,16453,15312,15662,16869,16187,16430,17009,17264,17296,17700,17975,18948,19431,19469,20625,21296,20702,19716,19486,19448,19941,20230,21143,21458,20640,19868,20102,19654,18611,18445,18459,17774,17394,16694,15743
Países Bajos,14277,14132,14886,15218,16259,17423,17669,18392,19370,20378,21363,22022,22570,23603,24224,24010,24884,25360,25884,26223,26366,25980,25540,25970,26660,27220,27824,28182,28964,30063,31106,31615,31912,32089,32840,33697,34715,36032,37481,39106,40457,41087,40914,40785,41450,42202,43592,45139,45939,44028,44391,44869,44243,44055,44522,45193,45939,46997,47827,48444,46345
Pakistán,379,392,400,424,445,479,493,507,529,543,589,576,565,589,592,600,612,617,647,650,693,724,746,770,782,815,832,858,895,912,925,944,989,979,988,1008,1027,1008,1005,1014,1029,1039,1040,1074,1129,1175,1217,1247,1239,1246,1239,1246,1262,1290,1323,1357,1402,1434,1491,1498,1449
Palau,NA,NA,NA,NA,NA,NA,NA,NA,NA,NA,NA,NA,NA,NA,NA,NA,NA,NA,NA,NA,NA,NA,NA,NA,NA,NA,NA,NA,NA,NA,NA,NA,NA,NA,NA,NA,NA,NA,NA,NA,11763,12336,12613,12097,12653,13206,13313,13855,13369,12773,13041,14074,14401,13938,14797,15876,15816,15218,15115,14755,13251
Panamá,2709,2917,3064,3228,3272,3468,3623,3820,3970,4184,4349,4633,4711,4827,4812,4766,4721,4652,4981,5079,5607,5980,6154,5745,5769,5920,5998,5763,4886,4858,5142,5510,5840,6033,6079,6060,6179,6446,6780,6906,6955,6861,6881,7037,7427,7815,8338,9169,9894,9840,10232,11194,12080,12695,13113,13630,14062,14597,14881,15073,12172
Papua Nueva Guinea,1161,1210,1264,1290,1373,1483,1535,1563,1594,1687,1826,1896,1956,2034,2037,1970,1856,1824,1930,1915,1822,1769,1728,1736,1684,1707,1742,1746,1753,1687,1597,1709,1901,2196,2273,2147,2257,2116,1987,1977,1884,1842,1801,1803,1814,1888,1944,2046,1991,2077,2235,2211,2266,2305,2565,2679,2770,2812,2749,2817,2666
Paraguay,1492,1554,1563,1594,1618,1673,1662,1766,1798,1835,1888,1945,2025,2122,2246,2341,2456,2669,2913,3172,3448,3659,3505,3301,3296,3347,3414,3570,3677,3826,3879,3912,3879,3972,4084,4262,4231,4313,4223,4079,3904,3797,3725,3816,3903,3923,4049,4208,4420,4350,4767,4904,4803,5130,5329,5414,5571,5763,5871,5774,5656
Perú,2709,2827,3023,3065,3174,3258,3429,3463,3373,3396,3415,3475,3498,3617,3851,3911,3864,3777,3583,3636,3757,3869,3768,3296,3336,3327,3558,3817,3381,2902,2700,2705,2638,2724,3002,3165,3194,3340,3268,3264,3304,3282,3422,3529,3671,3868,4124,4439,4805,4819,5178,5461,5749,6030,6109,6229,6380,6433,6574,6614,5807
Polonia,NA,NA,NA,NA,NA,NA,NA,NA,NA,NA,NA,NA,NA,NA,NA,NA,NA,NA,NA,NA,NA,NA,NA,NA,NA,NA,NA,NA,NA,NA,5120,4744,4849,5017,5271,5638,5978,6360,6653,6963,7357,7451,7607,7878,8275,8569,9101,9749,10157,10437,10859,11369,11520,11656,12059,12578,12979,13605,14333,15017,14661
Portugal,3935,4119,4360,4598,4885,5272,5528,5983,6542,6741,7659,8201,8872,9863,9838,9059,9413,9835,10003,10455,10817,10897,11062,10992,10744,11015,11461,12195,13122,13988,14572,15244,15422,15088,15193,15789,16281,16922,17646,18232,18795,19026,19068,18819,19110,19224,19501,19951,19986,19343,19670,19365,18655,18585,18833,19250,19701,20441,21058,21617,19772
Qatar,NA,NA,NA,NA,NA,NA,NA,NA,NA,NA,NA,NA,NA,NA,NA,NA,NA,NA,NA,NA,NA,NA,NA,NA,NA,NA,NA,NA,NA,NA,NA,NA,NA,NA,NA,NA,NA,NA,NA,NA,56865,56916,58542,57076,61583,57624,61522,60927,60799,59091,63002,65129,63234,62733,62785,63039,62800,60263,59758,59149,56027
Reino Unido,14915,15198,15236,15859,16629,16876,17047,17428,18287,18562,19656,20260,21064,22395,21825,21505,22136,22688,23640,24504,23978,23781,24264,25280,25812,26822,27603,29030,30626,31333,31469,31026,31066,31763,32901,33645,34375,35969,36996,37975,39229,39888,40563,41598,42337,43137,43928,44576,44121,41929,42488,42772,43100,43621,44596,45405,46082,46747,47231,47751,43166
República Centroafricana,653,674,638,623,624,618,610,625,621,652,655,652,643,645,676,667,689,701,693,659,613,586,612,545,580,588,596,556,555,556,532,516,469,458,466,486,455,467,477,483,460,470,477,442,459,455,467,479,480,514,532,550,576,365,364,377,391,404,413,419,415
República de Moldova,NA,NA,NA,NA,NA,NA,NA,NA,NA,NA,NA,NA,NA,NA,NA,NA,NA,NA,NA,NA,NA,NA,NA,NA,NA,NA,NA,NA,NA,NA,NA,NA,NA,NA,NA,1502,1417,1445,1351,1308,1338,1423,1538,1644,1770,1907,2004,2069,2235,2103,2255,2388,2374,2589,2720,2732,2886,3073,3261,3435,3236
República Democrática del Congo,1257,1093,1291,1324,1258,1236,1283,1235,1252,1331,1291,1331,1298,1367,1372,1269,1168,1143,1052,1027,1022,1019,990,980,1009,987,1007,1006,982,940,850,750,646,537,498,485,467,430,414,387,351,334,334,342,354,364,371,381,392,390,404,418,433,454,481,497,493,495,507,513,505
República Dominicana,1375,1299,1471,1517,1568,1330,1462,1466,1426,1536,1765,1903,2044,2247,2320,2379,2476,2536,2528,2581,2724,2777,2763,2829,2805,2689,2728,2944,2949,3020,2801,2774,3028,3192,3216,3340,3480,3728,3915,4084,4209,4249,4376,4256,4305,4647,5007,5309,5410,5393,5772,5881,5969,6187,6547,6922,7300,7557,7998,8314,7678
República Unida de Tanzanía,NA,NA,NA,NA,NA,NA,NA,NA,NA,NA,NA,NA,NA,NA,NA,NA,NA,NA,NA,NA,NA,NA,NA,NA,NA,NA,NA,NA,537,541,561,554,538,527,518,521,531,536,543,557,568,587,611,634,663,692,717,745,765,782,808,845,857,888,920,948,983,1019,1043,1071,1061
Ruanda,345,323,354,314,269,282,294,305,316,340,350,343,334,336,330,314,363,358,378,409,431,439,433,444,410,411,413,393,392,382,372,374,418,411,216,297,325,346,348,337,345,361,399,401,425,457,488,512,554,573,599,631,669,683,708,751,776,785,830,886,834
Rumania,NA,NA,NA,NA,NA,NA,NA,NA,NA,NA,NA,NA,NA,NA,NA,NA,NA,NA,NA,NA,NA,NA,NA,NA,NA,NA,NA,NA,NA,NA,4997,4389,4041,4108,4276,4552,4743,4526,4443,4434,4549,4853,5225,5386,5981,6299,6846,7450,8280,7889,7626,7810,8005,8338,8671,8969,9445,10195,10714,11222,10865
Saint Kitts y Nevis,NA,NA,NA,NA,NA,NA,NA,NA,NA,NA,NA,NA,NA,NA,NA,NA,NA,4410,4608,4986,5439,5553,5614,5715,6262,6850,7667,8256,9108,9674,10169,9950,10295,10875,11321,11800,12373,13099,12924,13219,14394,14974,14989,14216,14601,15841,16174,16123,17773,17024,16888,17012,16775,17574,18741,18717,19288,19318,19681,20472,17404
Samoa,NA,NA,NA,NA,NA,NA,NA,NA,NA,NA,NA,NA,NA,NA,NA,NA,NA,NA,NA,NA,NA,NA,2480,2475,2493,2578,2711,2717,2671,2761,2625,2545,2517,2595,2506,2651,2823,2826,2876,2925,3059,3268,3433,3590,3678,3897,3955,3949,4062,4012,4083,4219,4012,3961,3932,4074,4381,4409,4337,4505,4359
San Marino,NA,NA,NA,NA,NA,NA,NA,NA,NA,NA,NA,NA,NA,NA,NA,NA,NA,NA,NA,NA,NA,NA,NA,NA,NA,NA,NA,NA,NA,NA,NA,NA,NA,NA,NA,NA,NA,47019,49987,53928,54463,56761,56216,57604,59432,60080,61604,65163,64057,56717,52932,47866,43873,42926,42124,42663,43359,43255,43754,44552,41500
San Vicente y las Granadinas,1968,2027,2075,1923,1972,1969,1948,1745,1840,1874,2054,2092,2603,2288,2063,1885,2059,2307,2507,2567,2606,2703,2801,2840,3006,3169,3324,3317,3761,3795,3937,3971,4218,4393,4338,4675,4738,4908,5113,5254,5339,5427,5706,6075,6313,6465,6918,7154,7190,7098,6783,6738,6810,6965,7029,7207,7483,7584,7788,7792,7355
Santa Lucía,NA,NA,NA,NA,NA,NA,NA,NA,NA,NA,NA,NA,NA,NA,NA,NA,NA,4295,4667,4771,4599,4823,4860,5036,5327,5679,6386,6514,7280,7792,8424,8336,8888,8837,8875,8920,9059,8872,9300,9428,9327,8927,8896,9209,9800,9665,10141,10174,10528,10099,10151,10619,10531,10148,10280,10094,10410,10719,10976,10915,8651
Santo Tomé y Príncipe,NA,NA,NA,NA,NA,NA,NA,NA,NA,NA,NA,NA,NA,NA,NA,NA,NA,NA,NA,NA,NA,NA,NA,NA,NA,NA,NA,NA,NA,NA,NA,NA,NA,NA,NA,NA,NA,NA,NA,NA,NA,1081,1087,1136,1154,1206,1282,1287,1353,1348,1402,1431,1446,1486,1554,1585,1620,1651,1668,1673,1692
Senegal,1199,1202,1168,1157,1169,1152,1151,1105,1141,1036,1092,1058,1092,1000,1012,1059,1125,1069,1002,1046,1060,1084,1137,1041,1050,1054,1054,1087,1046,1055,1016,1013,996,980,953,978,973,979,1013,1051,1067,1086,1061,1093,1115,1134,1130,1132,1143,1143,1150,1133,1146,1141,1179,1219,1261,1317,1360,1384,1365
Serbia,NA,NA,NA,NA,NA,NA,NA,NA,NA,NA,NA,NA,NA,NA,NA,NA,NA,NA,NA,NA,NA,NA,NA,NA,NA,NA,NA,NA,NA,NA,NA,NA,NA,NA,NA,2781,2958,3181,3299,2999,3193,3419,3640,3808,4162,4405,4648,4968,5271,5148,5206,5354,5344,5525,5463,5589,5806,5960,6262,6568,6549
Seychelles,3231,2988,3154,3387,3499,3376,3750,3677,3861,3770,4010,4552,4724,5074,5047,5089,5798,5327,6415,7365,6988,6337,6229,6130,6369,7020,6964,6969,7317,8088,8612,8732,9315,9688,9358,9145,9455,10463,11122,11110,11178,10915,10714,10198,9944,10790,11562,12702,12154,11973,12336,13664,13701,14260,14672,15158,15757,16267,16628,16990,15544
Sierra Leona,497,499,513,514,539,568,568,559,560,596,635,645,638,639,648,645,629,616,617,630,646,650,667,638,649,599,589,612,553,544,554,563,456,464,457,421,428,401,403,388,403,364,441,460,469,472,476,501,516,520,536,557,627,740,757,588,610,623,630,650,624
Singapur,3612,3777,3952,4240,4005,4215,4530,4985,5562,6237,6997,7723,8591,9326,9733,9974,10573,11142,11864,12834,13954,14738,15107,16187,17281,17150,17396,18987,20596,22032,23273,24133,24974,27140,29221,30380,31350,32836,31044,32558,34891,33598,34599,36710,39857,41799,44160,46180,44602,43333,48753,50714,51680,53300,54683,55647,56886,59485,61374,61340,58982
Somalia,NA,NA,NA,NA,NA,NA,NA,NA,NA,NA,NA,NA,NA,NA,NA,NA,NA,NA,NA,NA,NA,NA,NA,NA,NA,NA,NA,NA,NA,NA,NA,NA,NA,NA,NA,NA,NA,NA,NA,NA,NA,NA,NA,NA,NA,NA,NA,NA,NA,NA,NA,NA,NA,330,346,386,407,406,425,447,445
Sri Lanka,NA,617,626,627,636,637,653,679,701,738,750,744,727,763,778,811,822,848,880,920,958,997,1023,1057,1096,1134,1167,1170,1182,1193,1254,1296,1337,1415,1480,1549,1597,1689,1760,1826,1923,1880,1939,2037,2130,2245,2398,2543,2675,2750,2950,3177,3463,3553,3694,3844,3972,4068,4157,4228,4054
Sudáfrica,3839,3890,4029,4219,4440,4593,4675,4885,4957,5057,5184,5264,5210,5304,5482,5432,5417,5280,5307,5372,5581,5725,5548,5298,5420,5217,5091,5076,5168,5170,5031,4859,4638,4581,4619,4662,4770,4809,4756,4798,4930,4996,5116,5203,5374,5588,5827,6060,6171,5992,6085,6183,6232,6285,6274,6260,6209,6193,6200,6126,5659
Sudán,1522,1482,1543,1459,1403,1457,1365,1345,1332,1311,1348,1337,1231,1202,1298,1454,1642,1687,1535,1410,1383,1436,1470,1451,1334,1212,1242,1380,1340,1423,1311,1373,1426,1453,1430,1476,1522,1753,1779,1785,1846,1912,1971,2037,2083,2140,2217,2281,2305,2182,2208,2339,2159,2149,2196,2185,2207,2170,2062,1969,1853
Sudán del Sur,NA,NA,NA,NA,NA,NA,NA,NA,NA,NA,NA,NA,NA,NA,NA,NA,NA,NA,NA,NA,NA,NA,NA,NA,NA,NA,NA,NA,NA,NA,NA,NA,NA,NA,NA,NA,NA,NA,NA,NA,NA,NA,NA,NA,NA,NA,NA,NA,2310,2319,2352,2170,1137,1256,1274,1120,NA,NA,NA,NA,NA
Suecia,16525,17382,18023,18876,20014,20584,20815,21351,22004,22945,24388,24450,24936,25880,26631,27202,27390,26858,27249,28233,28655,28751,29093,29633,30858,31473,32245,33215,33909,34577,34570,33942,33353,32474,33512,34648,35139,36198,37737,39310,41117,41601,42377,43195,44891,45990,47865,49145,48544,46043,48370,49540,48886,49049,49855,51545,51956,52577,52983,53490,51542
Suiza,NA,NA,NA,NA,NA,NA,NA,NA,NA,NA,NA,NA,NA,NA,NA,NA,NA,NA,NA,NA,59887,60514,59374,59498,61068,63032,63871,64477,66103,68410,70199,68693,67910,67209,67522,67395,67429,68794,70692,71584,74013,74705,74138,73556,75113,76785,79368,81805,82998,80262,82027,82678,82800,83345,84348,84776,85570,86119,87981,88413,85685
Suriname,3612,3683,3726,3833,3976,4336,5027,5481,5751,5894,5981,6193,6178,6116,6196,6412,7002,7722,8222,8156,7424,7937,7587,7264,7078,7143,7095,6534,6902,7043,6592,6641,6547,6003,6106,6013,5987,6245,6310,6147,6202,6387,6488,6816,7310,7550,7896,8204,8445,8600,8942,9358,9502,9673,9593,9168,8629,8678,9020,9035,7530
Tailandia,581,594,620,650,674,707,763,804,844,873,945,963,976,1047,1064,1089,1162,1246,1344,1386,1428,1483,1533,1589,1650,1695,1757,1890,2104,2323,2547,2732,2924,3136,3356,3593,3754,3607,3292,3403,3518,3605,3795,4038,4263,4412,4604,4827,4884,4826,5164,5182,5531,5654,5685,5840,6018,6248,6491,6612,6187
Tayikistán,NA,NA,NA,NA,NA,NA,NA,NA,NA,NA,NA,NA,NA,NA,NA,NA,NA,NA,NA,NA,NA,NA,NA,NA,NA,1443,1446,1382,1525,1385,1342,1219,850,699,542,467,384,384,399,407,434,468,510,556,602,631,662,699,739,752,783,823,865,907,945,978,1021,1066,1120,1174,1198
Timor-Leste,NA,NA,NA,NA,NA,NA,NA,NA,NA,NA,NA,NA,NA,NA,NA,NA,NA,NA,NA,NA,NA,NA,NA,NA,NA,NA,NA,NA,NA,NA,NA,NA,NA,NA,NA,NA,NA,NA,NA,NA,942,1075,980,934,913,919,862,933,1020,1104,1186,1234,1271,1287,1321,1333,1352,1285,1251,1467,1588
Togo,339,376,387,401,450,506,533,538,538,571,563,545,570,578,592,593,568,594,645,596,664,621,577,526,535,545,536,522,540,546,531,515,485,403,453,476,504,559,528,525,506,496,501,522,504,468,468,450,456,468,483,501,519,537,554,571,588,598,613,631,627
Tonga,NA,NA,NA,NA,NA,NA,NA,NA,NA,NA,NA,NA,NA,NA,NA,NA,NA,NA,NA,NA,NA,2379,2486,2532,2575,2741,2793,2869,2807,2811,2747,2918,2920,3024,3168,3394,3444,3474,3544,3659,3672,3790,3952,4020,3899,3875,3839,3817,3967,3742,3769,4043,4108,4160,4276,4336,4605,4718,4677,4653,4630
Trinidad y Tobago,4368,4884,4935,5138,5465,5448,5623,5700,5962,6083,6243,6240,6516,6530,6681,6682,7012,7548,8191,8366,9098,9366,9565,8444,7841,7420,7097,6710,6396,6297,6349,6504,7117,7030,7246,7494,8007,8594,9279,10006,10669,11074,11901,13552,14556,15383,17334,18076,18604,17700,18189,18026,18151,18441,18167,18384,17132,16594,16408,16320,15068
Túnez,NA,NA,NA,NA,NA,1068,1083,1062,1147,1175,1203,1301,1499,1456,1539,1613,1701,1719,1788,1859,1946,1998,1932,1965,2020,2078,1996,2080,2034,2023,2136,2170,2289,2291,2318,2332,2460,2559,2649,2779,2881,2965,2980,3097,3265,3351,3494,3691,3806,3881,3955,3836,3959,4016,4098,4095,4095,4139,4200,4208,3800
Turkmenistán,NA,NA,NA,NA,NA,NA,NA,NA,NA,NA,NA,NA,NA,NA,NA,NA,NA,NA,NA,NA,NA,NA,NA,NA,NA,NA,NA,2681,2903,2708,3568,3310,2734,2699,2175,1974,2067,1803,1906,2194,2288,2363,2345,2398,2492,2787,3057,3353,3795,3968,4266,4811,5250,5679,6149,6433,6714,7032,7349,7693,NA
Tuvalu,NA,NA,NA,NA,NA,NA,NA,NA,NA,NA,NA,NA,NA,NA,NA,NA,NA,NA,NA,NA,NA,NA,NA,NA,NA,NA,NA,NA,NA,NA,2420,2478,2521,2600,2848,2694,2528,2778,3207,3153,3106,3078,3331,3143,3026,2849,2883,3059,3232,3002,2905,3072,2974,3073,3038,3317,3463,3483,3501,3933,3946
Ucrania,NA,NA,NA,NA,NA,NA,NA,NA,NA,NA,NA,NA,NA,NA,NA,NA,NA,NA,NA,NA,NA,NA,NA,NA,NA,NA,NA,3155,3222,3330,3112,2835,2547,2184,1693,1498,1360,1331,1318,1328,1420,1561,1660,1833,2065,2144,2322,2528,2599,2215,2315,2450,2460,2466,2346,2125,2185,2247,2337,2426,2350
Uganda,NA,NA,NA,NA,NA,NA,NA,NA,NA,NA,NA,NA,NA,NA,NA,NA,NA,NA,NA,NA,NA,NA,377,386,373,349,338,339,355,364,374,382,382,401,413,447,473,483,492,516,517,527,555,573,593,610,655,688,725,750,768,814,818,821,834,847,856,850,871,895,891
Uruguay,6132,6205,6031,5970,6046,6043,6164,5880,5937,6240,6352,6317,6227,6242,6419,6795,7035,7098,7431,7837,8239,8313,7453,6644,6526,6579,7114,7634,7699,7734,7705,7921,8488,8649,9211,9013,9448,10184,10577,10318,10083,9679,8929,9008,9464,10170,10575,11245,12022,12496,13433,14086,14541,15168,15609,15614,15821,16020,16038,16036,15003
Uzbekistán,NA,NA,NA,NA,NA,NA,NA,NA,NA,NA,NA,NA,NA,NA,NA,NA,NA,NA,NA,NA,NA,NA,NA,NA,NA,NA,NA,1480,1577,1587,1566,1525,1323,1263,1174,1143,1140,1177,1208,1247,1277,1313,1349,1390,1476,1560,1656,1787,1918,2038,2131,2231,2355,2487,2614,2754,2867,2943,3047,3161,3160
Vanuatu,NA,NA,NA,NA,NA,NA,NA,NA,NA,NA,NA,NA,NA,NA,NA,NA,NA,NA,NA,2959,2552,2598,2587,2604,2790,2754,2688,2551,2449,2426,2640,2649,2639,2582,2742,2703,2708,2789,2774,2733,2837,2679,2478,2519,2553,2622,2776,2790,2877,2893,2856,2867,2817,2751,2759,2696,2749,2849,2860,2882,2662
Viet Nam,NA,NA,NA,NA,NA,NA,NA,NA,NA,NA,NA,NA,NA,NA,NA,NA,NA,NA,NA,NA,NA,NA,NA,NA,577,586,589,596,613,644,663,688,732,775,829,892,961,1025,1070,1108,1170,1230,1295,1372,1462,1557,1651,1752,1833,1913,2016,2123,2217,2315,2438,2582,2726,2886,3063,3251,3316
Zambia,1220,1200,1135,1138,1239,1402,1283,1343,1318,1271,1289,1246,1316,1260,1297,1225,1258,1161,1129,1058,1054,1081,1016,963,928,913,890,886,914,879,851,829,795,829,739,742,767,775,751,765,774,794,808,843,879,918,965,1018,1068,1134,1215,1244,1298,1321,1341,1338,1348,1354,1369,1349,1274
Zimbabwe,1165,1198,1174,1206,1153,1169,1148,1204,1187,1290,1528,1608,1681,1665,1715,1626,1581,1426,1344,1344,1486,1614,1598,1565,1480,1527,1504,1469,1528,1559,1624,1674,1492,1482,1594,1576,1720,1749,1785,1759,1697,1715,1559,1291,1212,1137,1091,1042,850,941,1110,1249,1432,1435,1444,1445,1434,1479,1529,1415,1307
