Población,,,,,,,,,,,,,,,,,,,,,,,,,,,,,,,,,,,,,,,,,,,,,,,,,,,,,,,,,,,,,
Fuente: gapminder.org,,,,,,,,,,,,,,,,,,,,,,,,,,,,,,,,,,,,,,,,,,,,,,,,,,,,,,,,,,,,,
,,,,,,,,,,,,,,,,,,,,,,,,,,,,,,,,,,,,,,,,,,,,,,,,,,,,,,,,,,,,,
,,,,,,,,,,,,,,,,,,,,,,,,,,,,,,,,,,,,,,,,,,,,,,,,,,,,,,,,,,,,,
pais,1960,1961,1962,1963,1964,1965,1966,1967,1968,1969,1970,1971,1972,1973,1974,1975,1976,1977,1978,1979,1980,1981,1982,1983,1984,1985,1986,1987,1988,1989,1990,1991,1992,1993,1994,1995,1996,1997,1998,1999,2000,2001,2002,2003,2004,2005,2006,2007,2008,2009,2010,2011,2012,2013,2014,2015,2016,2017,2018,2019,2020
Afganistán,9.17M,9.35M,9.54M,9.74M,9.96M,10.2M,10.4M,10.6M,10.9M,11.2M,11.5M,11.8M,12.1M,12.4M,12.7M,12.9M,13.2M,13.3M,13.4M,13.4M,13.2M,12.9M,12.5M,12.2M,11.9M,11.7M,11.6M,11.6M,11.9M,12.4M,13.3M,14.5M,15.8M,17.1M,18.1M,18.9M,19.4M,19.7M,20.2M,20.8M,21.6M,22.6M,23.7M,24.7M,25.7M,26.4M,27.1M,27.7M,28.4M,29.2M,30.1M,31.2M,32.3M,33.4M,34.4M,35.4M,36.3M,37.2M,38M,38.9M,39.8M
Albania,1.69M,1.74M,1.79M,1.84M,1.9M,1.95M,2M,2.05M,2.1M,2.15M,2.2M,2.25M,2.31M,2.36M,2.41M,2.46M,2.52M,2.57M,2.63M,2.68M,2.74M,2.79M,2.84M,2.9M,2.97M,3.04M,3.12M,3.2M,3.26M,3.29M,3.28M,3.25M,3.2M,3.15M,3.11M,3.1M,3.1M,3.11M,3.12M,3.13M,3.13M,3.13M,3.12M,3.1M,3.09M,3.06M,3.03M,3M,2.97M,2.95M,2.93M,2.91M,2.9M,2.9M,2.89M,2.89M,2.88M,2.88M,2.88M,2.88M,2.87M
Alemania,73.9M,74.5M,75.1M,75.7M,76.3M,76.8M,77.4M,77.8M,78.3M,78.6M,78.8M,78.9M,78.9M,78.9M,78.9M,78.8M,78.7M,78.6M,78.4M,78.3M,78.1M,77.9M,77.8M,77.7M,77.7M,77.8M,78M,78.3M,78.7M,79.1M,79.5M,80M,80.4M,80.8M,81.1M,81.3M,81.4M,81.4M,81.4M,81.4M,81.5M,81.5M,81.6M,81.6M,81.6M,81.5M,81.3M,81.1M,80.9M,80.8M,80.9M,81M,81.2M,81.5M,81.8M,82.2M,82.7M,83.1M,83.5M,83.8M,83.9M
Andorra,14.4k,15.4k,16.4k,17.5k,18.5k,19.6k,20.8k,21.9k,23.1k,24.3k,25.6k,26.9k,28.2k,29.5k,30.7k,31.8k,32.8k,33.7k,34.8k,36.1k,37.5k,39.1k,40.9k,42.7k,44.6k,46.5k,48.5k,50.4k,52.5k,54.5k,56.7k,58.9k,61k,62.7k,63.9k,64.4k,64.3k,64.1k,64.4k,65.4k,67.3k,70k,73.2k,76.3k,78.9k,81k,82.7k,83.9k,84.5k,84.5k,83.7k,82.4k,80.8k,79.2k,78k,77.3k,77k,77k,77.1k,77.3k,77.4k
Angola,5.53M,5.61M,5.68M,5.73M,5.77M,5.78M,5.77M,5.77M,5.8M,5.89M,6.04M,6.25M,6.5M,6.76M,7.02M,7.28M,7.53M,7.79M,8.06M,8.34M,8.64M,8.95M,9.28M,9.61M,9.96M,10.3M,10.7M,11.1M,11.5M,11.8M,12.2M,12.7M,13.1M,13.5M,13.9M,14.4M,14.9M,15.4M,15.9M,16.4M,16.9M,17.5M,18.1M,18.8M,19.4M,20.1M,20.9M,21.7M,22.5M,23.4M,24.2M,25.1M,26M,26.9M,27.9M,28.8M,29.8M,30.8M,31.8M,32.9M,33.9M
Antigua y Barbuda,55k,55.8k,56.7k,57.6k,58.7k,59.9k,61.2k,62.5k,63.6k,64.2k,64.4k,64.1k,63.6k,63.1k,62.7k,62.4k,62.2k,62k,61.9k,61.9k,61.8k,61.8k,61.8k,61.8k,61.8k,61.8k,61.7k,61.8k,62k,62.5k,63.4k,64.5k,65.8k,67.2k,68.7k,70.2k,71.7k,73.2k,74.7k,76k,77.2k,78.3k,79.3k,80.3k,81.5k,82.7k,84k,85.4k,86.7k,88k,89.3k,90.4k,91.5k,92.6k,93.6k,94.5k,95.4k,96.3k,97.1k,97.9k,98.7k
Arabia Saudita,4.22M,4.36M,4.52M,4.68M,4.84M,5.02M,5.2M,5.39M,5.6M,5.84M,6.1M,6.39M,6.71M,7.05M,7.42M,7.8M,8.21M,8.65M,9.14M,9.69M,10.3M,11M,11.7M,12.4M,13.1M,13.8M,14.4M,15.1M,15.7M,16.2M,16.8M,17.3M,17.8M,18.2M,18.6M,19M,19.4M,19.8M,20.2M,20.7M,21.2M,21.8M,22.5M,23.1M,23.8M,24.5M,25.2M,25.9M,26.6M,27.4M,28.3M,29.2M,30.1M,30.9M,31.7M,32.4M,33.1M,33.7M,34.3M,34.8M,35.3M
Argelia,11.3M,11.6M,11.9M,12.2M,12.6M,12.9M,13.3M,13.7M,14.1M,14.5M,14.9M,15.3M,15.7M,16.1M,16.6M,17.1M,17.6M,18.1M,18.6M,19.2M,19.8M,20.5M,21.1M,21.8M,22.4M,23.1M,23.8M,24.4M,25.1M,25.8M,26.4M,27M,27.6M,28.2M,28.8M,29.3M,29.7M,30.2M,30.6M,31M,31.5M,31.9M,32.3M,32.7M,33.1M,33.6M,34.2M,34.7M,35.3M,36M,36.7M,37.4M,38.1M,38.9M,39.7M,40.6M,41.4M,42.2M,43.1M,43.9M,44.6M
Argentina,20.8M,21.2M,21.5M,21.8M,22.2M,22.5M,22.8M,23.2M,23.5M,23.9M,24.3M,24.7M,25.1M,25.5M,25.9M,26.3M,26.7M,27.1M,27.5M,27.9M,28.3M,28.8M,29.3M,29.7M,30.2M,30.7M,31.2M,31.7M,32.1M,32.6M,33.1M,33.5M,34M,34.4M,34.8M,35.2M,35.7M,36.1M,36.5M,36.9M,37.3M,37.7M,38.1M,38.5M,38.9M,39.3M,39.7M,40.1M,40.5M,40.9M,41.3M,41.8M,42.2M,42.6M,43.1M,43.5M,43.9M,44.4M,44.8M,45.2M,45.6M
Armenia,1.94M,2.01M,2.08M,2.15M,2.21M,2.28M,2.34M,2.4M,2.46M,2.53M,2.59M,2.65M,2.71M,2.77M,2.83M,2.89M,2.94M,3M,3.05M,3.1M,3.15M,3.19M,3.24M,3.29M,3.34M,3.39M,3.45M,3.5M,3.54M,3.54M,3.51M,3.44M,3.36M,3.28M,3.22M,3.17M,3.13M,3.11M,3.09M,3.07M,3.05M,3.03M,3.02M,3M,2.98M,2.96M,2.93M,2.91M,2.89M,2.88M,2.88M,2.88M,2.9M,2.91M,2.93M,2.94M,2.94M,2.95M,2.96M,2.96M,2.97M
Australia,10.4M,10.6M,10.8M,11.1M,11.3M,11.6M,11.9M,12.2M,12.5M,12.8M,13M,13.2M,13.4M,13.6M,13.8M,13.9M,14.1M,14.2M,14.4M,14.6M,14.8M,15M,15.2M,15.4M,15.7M,15.9M,16.2M,16.5M,16.7M,17M,17.2M,17.4M,17.6M,17.8M,18M,18.2M,18.4M,18.6M,18.8M,19M,19.2M,19.4M,19.6M,19.9M,20.2M,20.5M,20.9M,21.3M,21.8M,22.2M,22.5M,22.9M,23.3M,23.6M,23.9M,24.3M,24.6M,24.9M,25.2M,25.5M,25.8M
Austria,7.11M,7.16M,7.21M,7.26M,7.31M,7.35M,7.4M,7.44M,7.48M,7.52M,7.55M,7.58M,7.61M,7.63M,7.64M,7.64M,7.64M,7.63M,7.62M,7.61M,7.6M,7.6M,7.6M,7.61M,7.61M,7.63M,7.64M,7.66M,7.69M,7.72M,7.77M,7.83M,7.89M,7.95M,7.99M,8.02M,8.03M,8.04M,8.05M,8.07M,8.1M,8.13M,8.18M,8.22M,8.25M,8.29M,8.31M,8.34M,8.37M,8.41M,8.45M,8.5M,8.56M,8.62M,8.68M,8.75M,8.82M,8.89M,8.96M,9.01M,9.04M
Azerbaiyán,4.03M,4.17M,4.32M,4.46M,4.59M,4.72M,4.84M,4.96M,5.07M,5.18M,5.28M,5.39M,5.48M,5.58M,5.67M,5.77M,5.86M,5.96M,6.05M,6.15M,6.25M,6.35M,6.45M,6.56M,6.67M,6.78M,6.89M,7.01M,7.13M,7.24M,7.36M,7.47M,7.58M,7.68M,7.78M,7.86M,7.93M,7.99M,8.05M,8.12M,8.2M,8.28M,8.36M,8.45M,8.54M,8.63M,8.72M,8.82M,8.92M,9.03M,9.15M,9.26M,9.39M,9.51M,9.62M,9.74M,9.85M,9.95M,10M,10.1M,10.2M
Bahrein,168k,173k,178k,183k,187k,192k,196k,201k,206k,213k,220k,229k,240k,252k,267k,284k,303k,323k,343k,360k,374k,386k,396k,407k,419k,433k,449k,465k,481k,496k,510k,523k,536k,550k,564k,579k,595k,614k,637k,665k,698k,735k,779k,830k,889k,958k,1.04M,1.11M,1.19M,1.24M,1.28M,1.3M,1.32M,1.34M,1.37M,1.43M,1.49M,1.57M,1.64M,1.7M,1.75M
Bangladesh,49.4M,50.8M,52.2M,53.7M,55.4M,57.2M,59M,60.9M,62.7M,64.2M,65.5M,66.6M,67.6M,68.7M,70.1M,71.7M,73.5M,75.5M,77.5M,79.6M,81.8M,83.9M,86.1M,88.4M,90.8M,93.2M,95.7M,98.2M,101M,103M,106M,108M,110M,113M,115M,118M,120M,123M,125M,128M,130M,132M,135M,137M,139M,141M,143M,144M,146M,148M,149M,151M,153M,155M,156M,158M,160M,161M,163M,165M,166M
Barbados,232k,233k,234k,235k,235k,236k,237k,237k,238k,239k,240k,242k,243k,245k,246k,248k,249k,250k,251k,252k,253k,254k,255k,255k,256k,257k,258k,259k,260k,261k,262k,263k,264k,265k,266k,267k,268k,269k,270k,272k,272k,273k,274k,275k,276k,277k,279k,280k,281k,282k,283k,284k,284k,285k,285k,286k,286k,287k,287k,287k,288k
Belarús,8.2M,8.28M,8.35M,8.43M,8.51M,8.59M,8.67M,8.75M,8.84M,8.91M,8.99M,9.06M,9.12M,9.19M,9.25M,9.32M,9.38M,9.44M,9.5M,9.57M,9.64M,9.7M,9.77M,9.84M,9.9M,9.97M,10M,10.1M,10.1M,10.2M,10.2M,10.2M,10.1M,10.1M,10.1M,10M,10M,9.97M,9.92M,9.87M,9.81M,9.75M,9.68M,9.62M,9.56M,9.52M,9.48M,9.45M,9.43M,9.42M,9.42M,9.42M,9.42M,9.43M,9.44M,9.45M,9.45M,9.45M,9.45M,9.45M,9.44M
Bélgica,9.23M,9.28M,9.34M,9.39M,9.44M,9.49M,9.53M,9.57M,9.6M,9.63M,9.66M,9.69M,9.72M,9.75M,9.77M,9.79M,9.82M,9.84M,9.85M,9.87M,9.88M,9.89M,9.9M,9.91M,9.92M,9.93M,9.94M,9.96M,9.98M,10M,10M,10.1M,10.1M,10.2M,10.2M,10.2M,10.2M,10.2M,10.3M,10.3M,10.3M,10.4M,10.4M,10.5M,10.5M,10.6M,10.7M,10.8M,10.9M,10.9M,11M,11.1M,11.2M,11.2M,11.3M,11.4M,11.4M,11.5M,11.5M,11.6M,11.6M
Belice,94.7k,97.4k,100k,103k,106k,109k,113k,116k,119k,122k,125k,127k,129k,131k,133k,135k,137k,139k,141k,144k,148k,151k,156k,160k,165k,170k,174k,179k,183k,188k,191k,194k,198k,202k,207k,214k,222k,230k,239k,247k,255k,262k,269k,277k,284k,291k,299k,307k,315k,322k,330k,338k,346k,353k,361k,368k,376k,383k,390k,398k,405k
Benin,2.47M,2.5M,2.54M,2.59M,2.63M,2.68M,2.74M,2.79M,2.85M,2.91M,2.98M,3.04M,3.11M,3.19M,3.27M,3.35M,3.43M,3.52M,3.62M,3.72M,3.82M,3.93M,4.04M,4.16M,4.28M,4.4M,4.54M,4.67M,4.82M,4.98M,5.15M,5.33M,5.52M,5.71M,5.91M,6.09M,6.28M,6.47M,6.66M,6.87M,7.08M,7.3M,7.52M,7.75M,7.98M,8.22M,8.45M,8.7M,8.94M,9.2M,9.46M,9.73M,10M,10.3M,10.6M,10.9M,11.2M,11.5M,11.8M,12.1M,12.5M
Bhután,229k,235k,241k,247k,254k,262k,270k,279k,288k,297k,307k,317k,327k,337k,348k,360k,371k,383k,395k,407k,418k,429k,440k,451k,464k,479k,494k,510k,522k,531k,535k,535k,533k,532k,535k,541k,552k,564k,578k,591k,604k,616k,628k,639k,649k,657k,665k,672k,678k,686k,693k,702k,710k,719k,728k,737k,746k,754k,763k,772k,780k
Bolivia,3.73M,3.8M,3.88M,3.96M,4.04M,4.12M,4.21M,4.3M,4.39M,4.48M,4.58M,4.68M,4.79M,4.89M,5M,5.11M,5.23M,5.34M,5.46M,5.58M,5.7M,5.81M,5.93M,6.05M,6.18M,6.31M,6.44M,6.58M,6.72M,6.86M,7.01M,7.16M,7.31M,7.47M,7.62M,7.78M,7.94M,8.1M,8.26M,8.42M,8.58M,8.74M,8.91M,9.07M,9.23M,9.4M,9.56M,9.72M,9.88M,10M,10.2M,10.4M,10.5M,10.7M,10.9M,11M,11.2M,11.4M,11.5M,11.7M,11.8M
Bosnia y Herzegovina,3.29M,3.35M,3.42M,3.48M,3.54M,3.59M,3.63M,3.68M,3.72M,3.76M,3.81M,3.85M,3.9M,3.94M,3.99M,4.03M,4.06M,4.1M,4.14M,4.18M,4.22M,4.27M,4.31M,4.35M,4.39M,4.44M,4.48M,4.51M,4.51M,4.46M,4.37M,4.23M,4.08M,3.94M,3.83M,3.76M,3.74M,3.73M,3.74M,3.75M,3.76M,3.76M,3.76M,3.76M,3.77M,3.77M,3.76M,3.75M,3.74M,3.71M,3.66M,3.6M,3.54M,3.48M,3.43M,3.39M,3.35M,3.32M,3.3M,3.28M,3.26M
Botswana,513k,524k,536k,548k,560k,572k,584k,597k,611k,628k,646k,667k,690k,715k,741k,770k,801k,832k,865k,898k,930k,963k,996k,1.03M,1.07M,1.11M,1.15M,1.2M,1.24M,1.29M,1.33M,1.36M,1.4M,1.43M,1.47M,1.5M,1.54M,1.58M,1.61M,1.64M,1.67M,1.7M,1.73M,1.77M,1.8M,1.84M,1.88M,1.92M,1.95M,1.99M,2.02M,2.04M,2.06M,2.09M,2.12M,2.16M,2.21M,2.25M,2.3M,2.35M,2.4M
Brasil,74.3M,76.5M,78.8M,81.1M,83.4M,85.7M,88M,90.4M,92.7M,95.1M,97.5M,99.9M,102M,105M,107M,110M,112M,115M,118M,121M,124M,126M,129M,132M,135M,138M,141M,144M,146M,149M,152M,154M,157M,159M,162M,165M,167M,170M,172M,175M,177M,180M,182M,184M,186M,188M,190M,192M,194M,196M,198M,199M,201M,203M,204M,206M,208M,209M,211M,213M,214M
Bulgaria,7.95M,8.02M,8.09M,8.16M,8.22M,8.28M,8.34M,8.4M,8.45M,8.51M,8.56M,8.61M,8.66M,8.7M,8.74M,8.77M,8.8M,8.83M,8.85M,8.88M,8.91M,8.93M,8.95M,8.97M,8.98M,8.97M,8.96M,8.94M,8.9M,8.84M,8.77M,8.68M,8.58M,8.47M,8.38M,8.29M,8.21M,8.14M,8.07M,8M,7.93M,7.87M,7.8M,7.74M,7.69M,7.63M,7.58M,7.52M,7.47M,7.43M,7.38M,7.33M,7.29M,7.25M,7.2M,7.15M,7.1M,7.05M,7M,6.95M,6.9M
Burkina Faso,4.89M,4.96M,5.03M,5.1M,5.17M,5.26M,5.34M,5.43M,5.53M,5.62M,5.72M,5.83M,5.93M,6.04M,6.15M,6.27M,6.4M,6.53M,6.67M,6.82M,6.99M,7.16M,7.34M,7.53M,7.73M,7.93M,8.14M,8.36M,8.58M,8.81M,9.05M,9.3M,9.55M,9.82M,10.1M,10.4M,10.7M,11M,11.3M,11.6M,11.9M,12.3M,12.7M,13M,13.4M,13.8M,14.3M,14.7M,15.1M,15.6M,16.1M,16.6M,17.1M,17.6M,18.1M,18.6M,19.2M,19.8M,20.3M,20.9M,21.5M
Burundi,2.85M,2.91M,2.96M,3.03M,3.09M,3.17M,3.25M,3.34M,3.41M,3.48M,3.53M,3.57M,3.61M,3.65M,3.7M,3.77M,3.85M,3.95M,4.05M,4.16M,4.27M,4.38M,4.5M,4.62M,4.75M,4.89M,5.03M,5.17M,5.31M,5.44M,5.56M,5.69M,5.8M,5.9M,5.99M,6.06M,6.12M,6.19M,6.27M,6.38M,6.53M,6.7M,6.91M,7.13M,7.36M,7.61M,7.86M,8.13M,8.4M,8.68M,8.96M,9.25M,9.54M,9.84M,10.2M,10.5M,10.8M,11.2M,11.5M,11.9M,12.3M
Camboya,5.87M,6.03M,6.18M,6.33M,6.47M,6.59M,6.69M,6.78M,6.88M,7M,7.14M,7.3M,7.45M,7.53M,7.52M,7.4M,7.2M,6.96M,6.77M,6.69M,6.75M,6.92M,7.17M,7.45M,7.71M,7.96M,8.2M,8.44M,8.69M,8.98M,9.29M,9.62M,9.97M,10.3M,10.7M,11M,11.3M,11.6M,11.9M,12.2M,12.4M,12.6M,12.9M,13.1M,13.3M,13.5M,13.7M,13.9M,14.1M,14.3M,14.5M,14.8M,15M,15.3M,15.5M,15.8M,16M,16.2M,16.5M,16.7M,16.9M
Camerún,5.29M,5.4M,5.52M,5.64M,5.77M,5.91M,6.05M,6.2M,6.36M,6.52M,6.69M,6.87M,7.05M,7.25M,7.45M,7.66M,7.89M,8.12M,8.37M,8.62M,8.89M,9.17M,9.46M,9.76M,10.1M,10.4M,10.7M,11.1M,11.4M,11.8M,12.1M,12.5M,12.9M,13.2M,13.6M,14M,14.3M,14.7M,15.1M,15.5M,15.9M,16.4M,16.8M,17.3M,17.7M,18.2M,18.7M,19.3M,19.8M,20.3M,20.9M,21.5M,22.1M,22.7M,23.3M,23.9M,24.6M,25.2M,25.9M,26.5M,27.2M
Canadá,18.2M,18.6M,18.9M,19.3M,19.6M,20M,20.3M,20.7M,21M,21.4M,21.7M,22.1M,22.4M,22.7M,23.1M,23.4M,23.6M,23.9M,24.2M,24.4M,24.7M,24.9M,25.2M,25.4M,25.7M,26.1M,26.4M,26.8M,27.2M,27.5M,27.9M,28.2M,28.5M,28.9M,29.2M,29.5M,29.7M,30M,30.3M,30.6M,30.9M,31.2M,31.5M,31.8M,32.2M,32.5M,32.9M,33.3M,33.7M,34.1M,34.5M,34.9M,35.3M,35.7M,36M,36.4M,36.7M,37.1M,37.4M,37.7M,38.1M
Chad,3.06M,3.12M,3.18M,3.25M,3.31M,3.37M,3.43M,3.5M,3.57M,3.64M,3.73M,3.82M,3.91M,4M,4.09M,4.17M,4.26M,4.34M,4.42M,4.51M,4.61M,4.72M,4.83M,4.96M,5.1M,5.25M,5.41M,5.59M,5.77M,5.96M,6.16M,6.36M,6.56M,6.78M,7.01M,7.25M,7.5M,7.77M,8.05M,8.36M,8.68M,9.02M,9.37M,9.73M,10.1M,10.5M,10.8M,11.2M,11.6M,12M,12.4M,12.8M,13.2M,13.7M,14.1M,14.6M,15M,15.5M,15.9M,16.4M,16.9M
Chequia,9.64M,9.69M,9.74M,9.78M,9.81M,9.82M,9.82M,9.81M,9.81M,9.82M,9.85M,9.89M,9.95M,10M,10.1M,10.1M,10.2M,10.3M,10.3M,10.3M,10.4M,10.4M,10.4M,10.3M,10.3M,10.3M,10.3M,10.3M,10.3M,10.3M,10.3M,10.4M,10.4M,10.4M,10.4M,10.4M,10.3M,10.3M,10.3M,10.3M,10.3M,10.3M,10.2M,10.2M,10.3M,10.3M,10.4M,10.4M,10.5M,10.5M,10.6M,10.6M,10.6M,10.6M,10.6M,10.6M,10.6M,10.7M,10.7M,10.7M,10.7M
Chile,8.3M,8.48M,8.65M,8.82M,8.99M,9.15M,9.31M,9.47M,9.63M,9.78M,9.94M,10.1M,10.3M,10.4M,10.6M,10.8M,10.9M,11.1M,11.3M,11.4M,11.6M,11.7M,11.9M,12.1M,12.3M,12.4M,12.6M,12.8M,13.1M,13.3M,13.5M,13.7M,13.9M,14.2M,14.4M,14.6M,14.8M,15M,15.2M,15.3M,15.5M,15.7M,15.8M,16M,16.2M,16.4M,16.5M,16.7M,16.9M,17.1M,17.2M,17.4M,17.6M,17.8M,18M,18.2M,18.5M,18.7M,19M,19.1M,19.2M
China,671M,682M,694M,708M,724M,742M,763M,784M,806M,828M,849M,869M,889M,908M,926M,943M,958M,972M,986M,1B,1.01B,1.03B,1.04B,1.06B,1.08B,1.1B,1.12B,1.14B,1.16B,1.18B,1.19B,1.21B,1.22B,1.23B,1.24B,1.25B,1.26B,1.27B,1.28B,1.29B,1.3B,1.31B,1.32B,1.32B,1.33B,1.34B,1.35B,1.35B,1.36B,1.37B,1.38B,1.38B,1.39B,1.4B,1.41B,1.41B,1.42B,1.43B,1.43B,1.44B,1.44B
Chipre,576k,578k,578k,579k,581k,585k,591k,598k,606k,614k,621k,628k,635k,642k,650k,658k,666k,673k,680k,685k,689k,692k,694k,698k,704k,712k,723k,736k,751k,767k,783k,801k,819k,837k,855k,873k,891k,909k,926k,943k,960k,977k,994k,1.01M,1.03M,1.05M,1.06M,1.08M,1.1M,1.11M,1.12M,1.14M,1.14M,1.15M,1.16M,1.17M,1.18M,1.19M,1.2M,1.21M,1.22M
Colombia,16.6M,17.1M,17.6M,18.2M,18.7M,19.3M,19.8M,20.4M,20.9M,21.5M,22M,22.5M,23M,23.5M,24.1M,24.6M,25.2M,25.7M,26.3M,26.9M,27.5M,28.1M,28.7M,29.3M,30M,30.6M,31.2M,31.8M,32.5M,33.1M,33.8M,34.4M,35.1M,35.8M,36.4M,37.1M,37.7M,38.4M,39M,39.6M,40.3M,40.9M,41.5M,42.1M,42.6M,43.2M,43.7M,44.3M,44.8M,45.2M,45.7M,46.1M,46.5M,47M,47.5M,48.2M,48.9M,49.7M,50.3M,50.9M,51.3M
Comoras,194k,197k,200k,204k,207k,211k,216k,221k,225k,230k,235k,239k,244k,250k,257k,266k,276k,287k,297k,308k,318k,327k,336k,345k,355k,366k,377k,388k,400k,412k,424k,436k,449k,462k,475k,489k,502k,515k,529k,542k,556k,569k,583k,597k,612k,626k,642k,657k,673k,690k,707k,724k,742k,759k,777k,796k,814k,832k,851k,870k,888k
Congo,1.04M,1.07M,1.1M,1.13M,1.16M,1.19M,1.22M,1.25M,1.29M,1.33M,1.37M,1.41M,1.45M,1.49M,1.54M,1.58M,1.63M,1.68M,1.73M,1.78M,1.83M,1.88M,1.94M,2M,2.05M,2.11M,2.17M,2.23M,2.29M,2.36M,2.42M,2.49M,2.56M,2.63M,2.71M,2.79M,2.87M,2.95M,3.04M,3.13M,3.22M,3.31M,3.41M,3.51M,3.62M,3.75M,3.88M,4.01M,4.15M,4.27M,4.39M,4.51M,4.62M,4.74M,4.86M,4.98M,5.11M,5.24M,5.38M,5.52M,5.66M
Costa de Marfil,3.63M,3.77M,3.92M,4.07M,4.23M,4.38M,4.54M,4.71M,4.9M,5.1M,5.33M,5.58M,5.84M,6.12M,6.41M,6.71M,7.03M,7.35M,7.69M,8.03M,8.39M,8.76M,9.14M,9.53M,9.92M,10.3M,10.7M,11.1M,11.5M,11.9M,12.4M,12.8M,13.3M,13.7M,14.2M,14.7M,15.1M,15.6M,16M,16.5M,16.9M,17.2M,17.6M,18M,18.4M,18.8M,19.2M,19.6M,20.1M,20.5M,21M,21.5M,22.1M,22.6M,23.2M,23.8M,24.4M,25.1M,25.7M,26.4M,27.1M
Costa Rica,1.38M,1.43M,1.49M,1.54M,1.59M,1.65M,1.7M,1.75M,1.8M,1.85M,1.9M,1.94M,1.99M,2.04M,2.09M,2.15M,2.21M,2.26M,2.33M,2.39M,2.46M,2.52M,2.59M,2.66M,2.74M,2.81M,2.88M,2.96M,3.04M,3.12M,3.2M,3.29M,3.37M,3.46M,3.55M,3.63M,3.72M,3.8M,3.89M,3.96M,4.03M,4.1M,4.16M,4.23M,4.29M,4.35M,4.4M,4.46M,4.52M,4.58M,4.63M,4.69M,4.74M,4.8M,4.85M,4.9M,4.95M,5M,5.05M,5.09M,5.14M
Croacia,4.22M,4.25M,4.28M,4.3M,4.33M,4.35M,4.37M,4.39M,4.41M,4.42M,4.44M,4.45M,4.47M,4.48M,4.5M,4.52M,4.54M,4.56M,4.58M,4.6M,4.62M,4.65M,4.67M,4.69M,4.72M,4.74M,4.76M,4.77M,4.78M,4.78M,4.76M,4.73M,4.7M,4.66M,4.62M,4.57M,4.53M,4.49M,4.46M,4.43M,4.41M,4.4M,4.39M,4.38M,4.38M,4.37M,4.36M,4.35M,4.34M,4.33M,4.31M,4.3M,4.28M,4.26M,4.23M,4.21M,4.18M,4.16M,4.13M,4.11M,4.08M
Cuba,7.29M,7.45M,7.62M,7.79M,7.96M,8.12M,8.27M,8.41M,8.56M,8.71M,8.87M,9.03M,9.18M,9.32M,9.45M,9.55M,9.65M,9.72M,9.79M,9.85M,9.9M,9.94M,9.98M,10M,10.1M,10.2M,10.3M,10.4M,10.5M,10.6M,10.7M,10.7M,10.8M,10.8M,10.9M,10.9M,11M,11M,11.1M,11.1M,11.2M,11.2M,11.2M,11.3M,11.3M,11.3M,11.3M,11.2M,11.2M,11.2M,11.2M,11.3M,11.3M,11.3M,11.3M,11.3M,11.3M,11.3M,11.3M,11.3M,11.3M
Dinamarca,4.61M,4.65M,4.69M,4.72M,4.76M,4.8M,4.83M,4.87M,4.9M,4.93M,4.96M,4.99M,5.02M,5.04M,5.06M,5.08M,5.1M,5.11M,5.12M,5.12M,5.13M,5.12M,5.12M,5.12M,5.11M,5.11M,5.12M,5.12M,5.13M,5.14M,5.15M,5.17M,5.19M,5.21M,5.23M,5.25M,5.28M,5.3M,5.32M,5.34M,5.36M,5.37M,5.39M,5.4M,5.42M,5.44M,5.47M,5.5M,5.53M,5.55M,5.58M,5.61M,5.64M,5.66M,5.69M,5.71M,5.73M,5.75M,5.77M,5.79M,5.81M
Djibouti,88.5k,94.2k,101k,108k,115k,123k,131k,140k,150k,160k,169k,179k,191k,205k,224k,249k,277k,308k,336k,359k,375k,385k,394k,406k,426k,454k,490k,529k,564k,590k,607k,615k,619k,622k,630k,644k,661k,680k,700k,718k,733k,747k,760k,772k,783k,795k,805k,816k,828k,840k,854k,868k,883k,899k,914k,929k,944k,959k,974k,988k,1M
Dominica,61k,62k,62.9k,63.9k,65k,66.3k,67.7k,69k,70.2k,71.1k,71.6k,71.7k,71.7k,71.8k,72.1k,72.7k,73.4k,74.3k,75k,75.3k,75.3k,75k,74.5k,73.8k,73.2k,72.5k,71.8k,71.2k,70.7k,70.4k,70.4k,70.5k,70.8k,71k,71.1k,70.9k,70.6k,70.2k,69.8k,69.7k,69.7k,69.8k,70.1k,70.4k,70.6k,70.7k,70.8k,70.8k,70.8k,70.9k,70.9k,71k,71k,71.1k,71.2k,71.3k,71.5k,71.6k,71.8k,72k,72.2k
Ecuador,4.67M,4.81M,4.95M,5.09M,5.24M,5.4M,5.56M,5.73M,5.9M,6.07M,6.25M,6.43M,6.61M,6.8M,6.99M,7.19M,7.38M,7.58M,7.78M,7.99M,8.2M,8.41M,8.62M,8.84M,9.07M,9.29M,9.52M,9.76M,9.99M,10.2M,10.5M,10.7M,11M,11.2M,11.5M,11.7M,12M,12.2M,12.4M,12.7M,12.9M,13.1M,13.4M,13.6M,13.8M,14.1M,14.3M,14.5M,14.8M,15M,15.2M,15.5M,15.7M,16M,16.2M,16.5M,16.8M,17.1M,17.4M,17.6M,17.9M
El Salvador,2.85M,2.93M,3.02M,3.11M,3.2M,3.29M,3.39M,3.48M,3.58M,3.67M,3.77M,3.87M,3.96M,4.06M,4.15M,4.25M,4.34M,4.43M,4.51M,4.59M,4.67M,4.74M,4.8M,4.87M,4.94M,5M,5.07M,5.13M,5.2M,5.27M,5.34M,5.42M,5.49M,5.56M,5.63M,5.69M,5.75M,5.8M,5.84M,5.89M,5.93M,5.96M,5.99M,6.02M,6.05M,6.08M,6.11M,6.13M,6.16M,6.18M,6.21M,6.24M,6.27M,6.3M,6.33M,6.36M,6.39M,6.42M,6.45M,6.49M,6.52M
Emiratos Árabes Unidos,101k,112k,125k,138k,150k,160k,170k,183k,203k,235k,277k,331k,395k,467k,548k,638k,735k,835k,932k,1.02M,1.1M,1.16M,1.23M,1.29M,1.37M,1.45M,1.53M,1.63M,1.73M,1.83M,1.94M,2.05M,2.17M,2.29M,2.42M,2.54M,2.67M,2.81M,2.97M,3.13M,3.3M,3.48M,3.71M,4.07M,4.59M,5.3M,6.17M,7.09M,7.92M,8.55M,8.95M,9.14M,9.2M,9.21M,9.26M,9.36M,9.49M,9.63M,9.77M,9.89M,9.99M
Eritrea,1.03M,1.06M,1.09M,1.12M,1.15M,1.18M,1.21M,1.24M,1.28M,1.31M,1.35M,1.38M,1.42M,1.46M,1.51M,1.55M,1.59M,1.64M,1.68M,1.73M,1.78M,1.84M,1.89M,1.95M,2M,2.06M,2.13M,2.19M,2.23M,2.26M,2.27M,2.26M,2.24M,2.22M,2.2M,2.2M,2.2M,2.21M,2.24M,2.29M,2.37M,2.48M,2.6M,2.72M,2.83M,2.92M,3M,3.06M,3.12M,3.17M,3.21M,3.25M,3.28M,3.31M,3.34M,3.38M,3.41M,3.45M,3.5M,3.55M,3.6M
Eslovaquia,4.2M,4.25M,4.3M,4.34M,4.38M,4.42M,4.45M,4.48M,4.51M,4.54M,4.58M,4.62M,4.66M,4.71M,4.75M,4.8M,4.85M,4.9M,4.95M,5M,5.04M,5.07M,5.11M,5.14M,5.17M,5.19M,5.22M,5.24M,5.27M,5.29M,5.31M,5.33M,5.35M,5.36M,5.38M,5.38M,5.39M,5.4M,5.4M,5.4M,5.4M,5.4M,5.4M,5.4M,5.4M,5.4M,5.4M,5.4M,5.4M,5.4M,5.41M,5.41M,5.42M,5.43M,5.44M,5.44M,5.45M,5.45M,5.46M,5.46M,5.46M
Eslovenia,1.6M,1.61M,1.61M,1.62M,1.63M,1.64M,1.64M,1.65M,1.66M,1.67M,1.68M,1.69M,1.71M,1.73M,1.74M,1.76M,1.78M,1.8M,1.82M,1.84M,1.86M,1.88M,1.9M,1.93M,1.95M,1.96M,1.98M,1.99M,2M,2.01M,2.01M,2.01M,2M,2M,1.99M,1.99M,1.99M,1.99M,1.99M,1.99M,1.99M,1.99M,1.99M,1.99M,1.99M,2M,2.01M,2.02M,2.03M,2.04M,2.05M,2.06M,2.06M,2.07M,2.07M,2.07M,2.08M,2.08M,2.08M,2.08M,2.08M
España,30.7M,31.1M,31.4M,31.8M,32.1M,32.5M,32.8M,33.2M,33.5M,33.9M,34.3M,34.7M,35.1M,35.5M,35.9M,36.3M,36.7M,37M,37.4M,37.7M,38M,38.2M,38.4M,38.6M,38.7M,38.9M,39M,39M,39.1M,39.2M,39.3M,39.4M,39.5M,39.7M,39.8M,39.9M,40M,40.2M,40.5M,40.8M,41.3M,41.9M,42.6M,43.3M,44M,44.7M,45.4M,46.1M,46.6M,46.9M,47.1M,47.1M,46.9M,46.8M,46.7M,46.6M,46.6M,46.7M,46.7M,46.8M,46.7M
Estados Unidos,190M,192M,195M,197M,200M,202M,204M,206M,208M,210M,211M,213M,215M,217M,219M,221M,223M,225M,227M,229M,232M,234M,236M,238M,240M,243M,245M,247M,250M,252M,255M,257M,260M,262M,265M,268M,272M,275M,279M,282M,285M,287M,290M,292M,295M,298M,301M,303M,306M,309M,312M,314M,316M,319M,321M,323M,325M,327M,329M,331M,333M
Estonia,1.23M,1.25M,1.26M,1.28M,1.29M,1.3M,1.32M,1.33M,1.35M,1.36M,1.37M,1.39M,1.4M,1.41M,1.42M,1.43M,1.44M,1.45M,1.46M,1.47M,1.48M,1.49M,1.5M,1.51M,1.52M,1.54M,1.55M,1.56M,1.57M,1.57M,1.55M,1.52M,1.49M,1.46M,1.43M,1.42M,1.41M,1.41M,1.4M,1.4M,1.39M,1.38M,1.37M,1.36M,1.36M,1.35M,1.34M,1.34M,1.34M,1.33M,1.33M,1.32M,1.32M,1.32M,1.32M,1.32M,1.32M,1.32M,1.33M,1.33M,1.33M
Eswatini,343k,350k,357k,365k,374k,384k,395k,407k,419k,431k,444k,457k,471k,485k,500k,516k,532k,550k,568k,588k,608k,630k,652k,675k,699k,724k,749k,774k,798k,822k,845k,867k,888k,908k,927k,946k,963k,980k,994k,1.01M,1.01M,1.02M,1.02M,1.03M,1.03M,1.04M,1.04M,1.05M,1.06M,1.06M,1.07M,1.08M,1.09M,1.1M,1.1M,1.11M,1.12M,1.14M,1.15M,1.16M,1.17M
Etiopía,22.7M,23.2M,23.8M,24.4M,25M,25.6M,26.3M,26.9M,27.7M,28.4M,29.2M,30.1M,31M,31.9M,32.6M,33.1M,33.6M,34M,34.5M,35.1M,36M,37M,38.1M,39.4M,40.7M,42M,43.3M,44.8M,46.3M,47.9M,49.6M,51.4M,53.3M,55.2M,57M,58.9M,60.7M,62.5M,64.3M,66.2M,68.2M,70.1M,72.2M,74.2M,76.3M,78.5M,80.7M,82.9M,85.2M,87.6M,90.1M,92.7M,95.4M,98.1M,101M,104M,106M,109M,112M,115M,118M
Fiji,407k,422k,436k,451k,464k,476k,488k,499k,510k,521k,532k,543k,554k,565k,577k,588k,598k,609k,622k,635k,651k,668k,685k,700k,712k,719k,722k,723k,725k,729k,735k,744k,755k,766k,775k,784k,793k,800k,806k,811k,814k,815k,816k,818k,822k,828k,836k,845k,854k,860k,863k,865k,866k,866k,869k,872k,877k,883k,890k,896k,903k
Filipinas,27.2M,28.1M,29M,30M,30.9M,31.9M,32.8M,33.8M,34.8M,35.8M,36.8M,37.9M,39M,40.1M,41.3M,42.4M,43.6M,44.8M,46.1M,47.4M,48.7M,50M,51.4M,52.8M,54.3M,55.8M,57.3M,58.8M,60.3M,61.9M,63.5M,65M,66.6M,68.2M,69.8M,71.4M,73M,74.7M,76.3M,78M,79.7M,81.4M,83.1M,84.7M,86.3M,87.9M,89.4M,90.9M,92.4M,94M,95.6M,97.2M,98.9M,101M,102M,104M,105M,107M,108M,110M,111M
Finlandia,4.47M,4.5M,4.53M,4.55M,4.57M,4.58M,4.59M,4.59M,4.6M,4.61M,4.63M,4.65M,4.68M,4.7M,4.72M,4.73M,4.75M,4.76M,4.77M,4.79M,4.81M,4.84M,4.86M,4.89M,4.91M,4.93M,4.95M,4.96M,4.98M,5M,5.02M,5.04M,5.07M,5.1M,5.12M,5.14M,5.15M,5.16M,5.18M,5.19M,5.2M,5.21M,5.23M,5.24M,5.26M,5.28M,5.3M,5.32M,5.34M,5.37M,5.39M,5.41M,5.44M,5.46M,5.48M,5.5M,5.51M,5.52M,5.53M,5.54M,5.55M
Francia,46.3M,46.9M,47.6M,48.2M,48.7M,49.2M,49.7M,50M,50.4M,50.8M,51.2M,51.6M,52M,52.4M,52.7M,53M,53.2M,53.4M,53.6M,53.9M,54.1M,54.4M,54.7M,55M,55.3M,55.5M,55.8M,56.1M,56.4M,56.7M,56.9M,57.1M,57.4M,57.6M,57.8M,58M,58.2M,58.4M,58.7M,59M,59.4M,59.8M,60.3M,60.7M,61.1M,61.5M,61.9M,62.2M,62.5M,62.9M,63.2M,63.6M,63.9M,64.2M,64.5M,64.7M,64.8M,65M,65.1M,65.3M,65.4M
Gabón,506k,511k,518k,525k,533k,543k,554k,566k,578k,589k,601k,612k,623k,635k,648k,661k,676k,692k,709k,726k,745k,764k,784k,805k,827k,850k,874k,898k,924k,949k,976k,1M,1.03M,1.06M,1.08M,1.11M,1.14M,1.17M,1.2M,1.23M,1.26M,1.29M,1.32M,1.35M,1.39M,1.43M,1.47M,1.52M,1.57M,1.62M,1.68M,1.75M,1.82M,1.88M,1.95M,2.01M,2.06M,2.12M,2.17M,2.23M,2.28M
Georgia,4.08M,4.15M,4.22M,4.3M,4.37M,4.45M,4.52M,4.59M,4.66M,4.71M,4.76M,4.79M,4.82M,4.85M,4.87M,4.9M,4.93M,4.96M,4.99M,5.02M,5.05M,5.09M,5.12M,5.16M,5.21M,5.27M,5.33M,5.38M,5.41M,5.41M,5.37M,5.3M,5.21M,5.1M,4.98M,4.85M,4.71M,4.58M,4.46M,4.36M,4.3M,4.26M,4.24M,4.23M,4.21M,4.19M,4.17M,4.14M,4.12M,4.1M,4.08M,4.06M,4.05M,4.04M,4.02M,4.02M,4.01M,4M,4M,3.99M,3.98M
Ghana,6.85M,7.07M,7.3M,7.52M,7.74M,7.94M,8.13M,8.32M,8.52M,8.74M,8.97M,9.23M,9.49M,9.75M,9.99M,10.2M,10.4M,10.6M,10.8M,11.1M,11.3M,11.7M,12M,12.4M,12.8M,13.2M,13.6M,13.9M,14.4M,14.8M,15.2M,15.7M,16.1M,16.6M,17M,17.5M,17.9M,18.4M,18.8M,19.3M,19.8M,20.2M,20.8M,21.3M,21.8M,22.4M,23M,23.6M,24.2M,24.8M,25.4M,26M,26.6M,27.2M,27.8M,28.5M,29.1M,29.8M,30.4M,31.1M,31.7M
Granada,91.3k,92.5k,93.4k,94.1k,94.6k,94.9k,95k,94.9k,94.7k,94.5k,94.2k,94k,93.7k,93.2k,92.5k,91.5k,90.2k,89.1k,88.6k,89k,90.6k,93.1k,96k,98.5k,100k,100k,99.4k,98.1k,96.9k,96.3k,96.5k,97.2k,98.2k,99.3k,100k,101k,102k,102k,102k,103k,103k,104k,104k,104k,105k,105k,105k,105k,106k,106k,107k,107k,108k,109k,110k,110k,111k,111k,112k,113k,113k
Grecia,8.31M,8.35M,8.39M,8.42M,8.45M,8.49M,8.53M,8.57M,8.61M,8.66M,8.72M,8.77M,8.84M,8.92M,9.01M,9.13M,9.25M,9.39M,9.52M,9.63M,9.72M,9.8M,9.86M,9.92M,9.97M,10M,10.1M,10.1M,10.2M,10.2M,10.3M,10.4M,10.5M,10.6M,10.7M,10.8M,10.9M,11M,11M,11.1M,11.1M,11.2M,11.2M,11.2M,11.2M,11.2M,11.1M,11M,11M,10.9M,10.8M,10.8M,10.7M,10.7M,10.7M,10.6M,10.6M,10.5M,10.5M,10.4M,10.4M
Guatemala,4.34M,4.46M,4.6M,4.73M,4.87M,5.01M,5.16M,5.31M,5.47M,5.62M,5.78M,5.94M,6.1M,6.27M,6.43M,6.6M,6.77M,6.93M,7.11M,7.28M,7.47M,7.65M,7.85M,8.04M,8.24M,8.44M,8.64M,8.84M,9.05M,9.26M,9.48M,9.71M,9.94M,10.2M,10.4M,10.6M,10.9M,11.1M,11.4M,11.7M,11.9M,12.2M,12.5M,12.8M,13.1M,13.4M,13.7M,14M,14.3M,14.6M,14.9M,15.3M,15.6M,15.9M,16.3M,16.6M,16.9M,17.2M,17.6M,17.9M,18.2M
Guinea,3.55M,3.61M,3.67M,3.74M,3.8M,3.87M,3.94M,4.01M,4.08M,4.15M,4.22M,4.29M,4.36M,4.42M,4.49M,4.56M,4.63M,4.7M,4.78M,4.87M,4.97M,5.08M,5.2M,5.33M,5.47M,5.63M,5.8M,5.98M,6.17M,6.35M,6.53M,6.72M,6.9M,7.08M,7.27M,7.46M,7.66M,7.86M,8.05M,8.24M,8.42M,8.59M,8.75M,8.93M,9.11M,9.31M,9.52M,9.74M,9.96M,10.2M,10.4M,10.7M,10.9M,11.2M,11.4M,11.7M,12.1M,12.4M,12.8M,13.1M,13.5M
Guinea Ecuatorial,259k,262k,266k,271k,276k,284k,292k,299k,304k,304k,299k,290k,278k,266k,256k,248k,242k,240k,242k,250k,264k,285k,308k,332k,352k,369k,383k,395k,407k,419k,433k,447k,463k,479k,497k,516k,536k,558k,582k,606k,632k,658k,687k,717k,750k,784k,822k,861k,902k,944k,987k,1.03M,1.08M,1.12M,1.17M,1.22M,1.26M,1.31M,1.36M,1.4M,1.45M
Guinea-Bissau,623k,629k,635k,642k,650k,659k,669k,680k,692k,705k,718k,733k,746k,758k,766k,770k,772k,772k,775k,782k,794k,810k,830k,851k,872k,893k,913k,933k,954k,975k,998k,1.02M,1.04M,1.07M,1.09M,1.11M,1.13M,1.15M,1.18M,1.2M,1.23M,1.25M,1.28M,1.31M,1.34M,1.38M,1.41M,1.45M,1.48M,1.52M,1.56M,1.6M,1.65M,1.69M,1.74M,1.78M,1.83M,1.87M,1.92M,1.97M,2.02M
Guyana,589k,606k,623k,638k,652k,665k,676k,686k,696k,705k,714k,722k,730k,738k,746k,754k,762k,770k,776k,780k,782k,781k,779k,775k,770k,764k,757k,751k,746k,743k,744k,749k,754k,759k,761k,761k,758k,754k,750k,747k,745k,745k,745k,746k,746k,746k,746k,747k,748k,749k,752k,755k,759k,763k,767k,771k,775k,779k,783k,787k,790k
Haití,3.94M,4.02M,4.1M,4.18M,4.26M,4.34M,4.43M,4.51M,4.59M,4.68M,4.76M,4.84M,4.92M,5M,5.09M,5.19M,5.29M,5.4M,5.52M,5.64M,5.77M,5.91M,6.05M,6.19M,6.34M,6.48M,6.62M,6.76M,6.9M,7.04M,7.18M,7.32M,7.46M,7.6M,7.74M,7.89M,8.03M,8.17M,8.32M,8.46M,8.61M,8.75M,8.9M,9.05M,9.2M,9.34M,9.5M,9.65M,9.8M,9.95M,10.1M,10.3M,10.4M,10.5M,10.7M,10.8M,11M,11.1M,11.3M,11.4M,11.5M
Honduras,2.1M,2.16M,2.22M,2.28M,2.35M,2.41M,2.49M,2.56M,2.64M,2.72M,2.8M,2.88M,2.97M,3.06M,3.15M,3.25M,3.35M,3.46M,3.57M,3.68M,3.79M,3.91M,4.03M,4.15M,4.28M,4.41M,4.54M,4.68M,4.81M,4.96M,5.1M,5.24M,5.39M,5.55M,5.71M,5.87M,6.05M,6.22M,6.4M,6.57M,6.75M,6.93M,7.11M,7.28M,7.46M,7.63M,7.81M,7.98M,8.15M,8.32M,8.48M,8.64M,8.8M,8.96M,9.11M,9.27M,9.43M,9.59M,9.75M,9.9M,10.1M
Hungría,10M,10.1M,10.1M,10.1M,10.2M,10.2M,10.2M,10.3M,10.3M,10.4M,10.4M,10.4M,10.5M,10.5M,10.5M,10.6M,10.6M,10.7M,10.7M,10.8M,10.7M,10.7M,10.7M,10.6M,10.6M,10.5M,10.5M,10.4M,10.4M,10.4M,10.4M,10.4M,10.4M,10.4M,10.3M,10.3M,10.3M,10.3M,10.2M,10.2M,10.2M,10.2M,10.1M,10.1M,10.1M,10.1M,10M,9.99M,9.96M,9.93M,9.9M,9.86M,9.83M,9.8M,9.78M,9.75M,9.73M,9.71M,9.68M,9.66M,9.63M
India,460M,469M,479M,489M,499M,510M,520M,532M,543M,555M,568M,581M,595M,609M,623M,638M,652M,667M,683M,699M,715M,732M,749M,767M,784M,802M,820M,837M,855M,873M,891M,909M,927M,946M,964M,982M,1B,1.02B,1.04B,1.06B,1.08B,1.09B,1.11B,1.13B,1.15B,1.17B,1.18B,1.2B,1.22B,1.23B,1.25B,1.27B,1.28B,1.3B,1.31B,1.32B,1.34B,1.35B,1.37B,1.38B,1.39B
Indonesia,90.1M,92.5M,95M,97.6M,100M,103M,106M,109M,112M,115M,118M,121M,124M,127M,131M,134M,137M,141M,144M,147M,151M,154M,158M,162M,165M,168M,172M,175M,178M,181M,185M,188M,191M,194M,197M,200M,203M,206M,209M,212M,214M,217M,220M,223M,226M,229M,232M,235M,239M,242M,245M,248M,252M,255M,258M,262M,265M,268M,271M,274M,276M
Iraq,7.48M,7.67M,7.89M,8.12M,8.38M,8.65M,8.95M,9.26M,9.59M,9.92M,10.3M,10.6M,11M,11.3M,11.7M,12.1M,12.5M,12.9M,13.3M,13.7M,14M,14.4M,14.8M,15.2M,15.6M,15.9M,16.3M,16.6M,17M,17.4M,17.9M,18.4M,19M,19.5M,20.1M,20.8M,21.4M,22.1M,22.8M,23.5M,24.2M,24.9M,25.6M,26.3M,26.9M,27.4M,27.9M,28.4M,29M,29.7M,30.7M,31.9M,33.2M,34.4M,35.6M,36.6M,37.6M,38.4M,39.3M,40.2M,41.2M
Irlanda,2.79M,2.79M,2.8M,2.81M,2.82M,2.83M,2.85M,2.86M,2.88M,2.91M,2.94M,2.99M,3.03M,3.09M,3.14M,3.19M,3.24M,3.29M,3.34M,3.38M,3.42M,3.45M,3.48M,3.5M,3.51M,3.52M,3.52M,3.51M,3.51M,3.51M,3.52M,3.53M,3.55M,3.57M,3.59M,3.62M,3.65M,3.69M,3.73M,3.78M,3.84M,3.91M,3.98M,4.06M,4.14M,4.23M,4.32M,4.42M,4.49M,4.55M,4.59M,4.61M,4.62M,4.63M,4.65M,4.7M,4.75M,4.82M,4.88M,4.94M,4.98M
Islandia,179k,183k,186k,189k,192k,195k,197k,200k,202k,204k,207k,210k,213k,216k,218k,220k,222k,224k,226k,228k,231k,233k,236k,239k,242k,244k,247k,250k,252k,255k,258k,260k,263k,265k,268k,270k,273k,275k,278k,280k,283k,285k,288k,291k,295k,300k,305k,311k,316k,320k,323k,326k,327k,329k,330k,332k,334k,337k,339k,341k,343k
Islas Marshall,15.1k,15.5k,16.1k,16.7k,17.3k,17.8k,18.4k,19k,19.6k,20.4k,21.3k,22.3k,23.4k,24.5k,25.6k,26.5k,27.5k,28.4k,29.4k,30.6k,31.9k,33.3k,34.9k,36.6k,38.3k,40.2k,42.2k,44.1k,45.8k,47.3k,48.4k,49.2k,49.8k,50.2k,50.5k,50.5k,50.5k,50.4k,50.4k,50.8k,51.4k,52.4k,53.5k,54.5k,55.3k,55.8k,56k,56.2k,56.3k,56.4k,56.5k,56.7k,56.9k,57.2k,57.4k,57.7k,58.1k,58.4k,58.8k,59.2k,59.6k
Islas Salomón,121k,125k,129k,133k,137k,141k,145k,150k,155k,160k,166k,173k,179k,186k,193k,201k,208k,215k,223k,231k,238k,246k,255k,263k,271k,279k,287k,295k,303k,312k,321k,330k,340k,349k,359k,370k,380k,391k,402k,413k,424k,435k,447k,459k,470k,481k,492k,503k,515k,528k,542k,556k,571k,587k,603k,619k,636k,653k,670k,687k,704k
Israel,2.14M,2.23M,2.33M,2.41M,2.49M,2.56M,2.62M,2.68M,2.74M,2.81M,2.9M,3M,3.1M,3.2M,3.3M,3.39M,3.47M,3.55M,3.63M,3.7M,3.77M,3.84M,3.9M,3.97M,4.04M,4.1M,4.17M,4.24M,4.33M,4.45M,4.59M,4.75M,4.93M,5.11M,5.27M,5.42M,5.57M,5.7M,5.82M,5.95M,6.06M,6.17M,6.28M,6.4M,6.53M,6.68M,6.85M,7.02M,7.19M,7.35M,7.49M,7.61M,7.73M,7.85M,7.98M,8.11M,8.24M,8.38M,8.52M,8.66M,8.79M
Italia,50.1M,50.4M,50.9M,51.3M,51.7M,52.1M,52.4M,52.8M,53.2M,53.5M,53.9M,54.3M,54.6M,55M,55.3M,55.5M,55.8M,56M,56.2M,56.3M,56.5M,56.6M,56.8M,56.9M,56.9M,57M,57M,57M,57M,57M,57.1M,57.1M,57.2M,57.2M,57.2M,57.1M,56.9M,56.7M,56.7M,56.7M,56.9M,57.2M,57.6M,57.9M,58.3M,58.5M,58.7M,58.9M,59.1M,59.3M,59.6M,59.9M,60.2M,60.4M,60.6M,60.7M,60.7M,60.6M,60.6M,60.5M,60.4M
Jamaica,1.65M,1.68M,1.7M,1.73M,1.76M,1.78M,1.8M,1.83M,1.85M,1.88M,1.9M,1.94M,1.97M,2M,2.03M,2.06M,2.08M,2.11M,2.13M,2.16M,2.2M,2.23M,2.27M,2.31M,2.34M,2.36M,2.38M,2.39M,2.4M,2.42M,2.44M,2.46M,2.48M,2.51M,2.53M,2.56M,2.58M,2.61M,2.63M,2.65M,2.67M,2.69M,2.71M,2.73M,2.74M,2.75M,2.77M,2.78M,2.8M,2.81M,2.83M,2.84M,2.86M,2.88M,2.89M,2.91M,2.92M,2.93M,2.95M,2.96M,2.97M
Japón,94.6M,95.5M,96.4M,97.4M,98.4M,99.6M,101M,102M,103M,105M,106M,108M,110M,111M,112M,114M,115M,116M,117M,118M,119M,120M,120M,121M,122M,123M,123M,124M,124M,125M,125M,125M,126M,126M,126M,127M,127M,127M,127M,128M,128M,128M,128M,128M,128M,128M,128M,129M,129M,129M,128M,128M,128M,128M,128M,128M,128M,127M,127M,126M,126M
Jordania,974k,1.01M,1.05M,1.1M,1.17M,1.27M,1.38M,1.5M,1.62M,1.72M,1.81M,1.88M,1.95M,2.01M,2.07M,2.12M,2.18M,2.24M,2.3M,2.38M,2.46M,2.56M,2.67M,2.78M,2.9M,3.02M,3.13M,3.26M,3.4M,3.57M,3.76M,3.98M,4.2M,4.41M,4.59M,4.73M,4.85M,4.94M,5.03M,5.12M,5.22M,5.32M,5.43M,5.58M,5.77M,5.99M,6.26M,6.56M,6.89M,7.26M,7.66M,8.09M,8.52M,8.92M,9.27M,9.55M,9.79M,9.97M,10.1M,10.2M,10.3M
Kazajstán,10.3M,10.8M,11.1M,11.5M,11.8M,12.1M,12.4M,12.6M,12.8M,13M,13.3M,13.5M,13.7M,13.9M,14.1M,14.2M,14.4M,14.5M,14.6M,14.8M,15M,15.1M,15.3M,15.5M,15.7M,15.9M,16M,16.2M,16.3M,16.4M,16.4M,16.3M,16.2M,16M,15.8M,15.6M,15.4M,15.2M,15M,14.9M,14.9M,15M,15.1M,15.3M,15.4M,15.6M,15.7M,15.9M,16M,16.3M,16.5M,16.8M,17M,17.3M,17.6M,17.8M,18.1M,18.3M,18.6M,18.8M,19M
Kenya,8.38M,8.65M,8.93M,9.22M,9.53M,9.85M,10.2M,10.5M,10.9M,11.3M,11.7M,12.1M,12.6M,13.1M,13.6M,14.1M,14.6M,15.2M,15.8M,16.4M,17.1M,17.7M,18.4M,19.1M,19.9M,20.6M,21.4M,22.2M,22.9M,23.7M,24.5M,25.3M,26.1M,27M,27.8M,28.6M,29.4M,30.3M,31.1M,32M,32.8M,33.8M,34.7M,35.6M,36.6M,37.6M,38.7M,39.8M,40.9M,42M,43.2M,44.3M,45.5M,46.7M,47.9M,49.1M,50.2M,51.4M,52.6M,53.8M,55M
Kirguistán,2.24M,2.32M,2.4M,2.49M,2.57M,2.65M,2.74M,2.82M,2.9M,2.97M,3.04M,3.11M,3.17M,3.23M,3.29M,3.35M,3.41M,3.48M,3.54M,3.61M,3.68M,3.76M,3.83M,3.91M,3.99M,4.08M,4.16M,4.24M,4.31M,4.37M,4.42M,4.45M,4.48M,4.52M,4.57M,4.63M,4.71M,4.79M,4.86M,4.92M,4.96M,4.99M,5.01M,5.04M,5.08M,5.12M,5.18M,5.25M,5.33M,5.42M,5.52M,5.62M,5.73M,5.84M,5.96M,6.07M,6.19M,6.3M,6.42M,6.52M,6.63M
Kiribati,42.2k,43.3k,44.3k,45.4k,46.4k,47.4k,48.4k,49.4k,50.3k,51.1k,52k,52.8k,53.6k,54.3k,55.1k,55.9k,56.8k,57.6k,58.5k,59.3k,60.1k,60.9k,61.7k,62.7k,64k,65.5k,67.2k,69.1k,70.8k,72.4k,73.7k,74.8k,75.7k,76.7k,77.7k,78.9k,80.2k,81.6k,83k,84.4k,85.8k,87.3k,88.8k,90.5k,92.3k,94.3k,96.5k,98.8k,101k,103k,105k,106k,108k,109k,111k,113k,114k,116k,118k,119k,121k
Kuwait,301k,337k,379k,424k,472k,523k,577k,633k,689k,744k,799k,852k,906k,962k,1.02M,1.09M,1.15M,1.22M,1.3M,1.37M,1.44M,1.51M,1.58M,1.65M,1.74M,1.83M,1.94M,2.03M,2.09M,2.1M,2.03M,1.91M,1.77M,1.66M,1.61M,1.63M,1.71M,1.83M,1.95M,2.05M,2.1M,2.14M,2.16M,2.2M,2.27M,2.37M,2.5M,2.66M,2.82M,2.99M,3.17M,3.35M,3.53M,3.69M,3.84M,3.96M,4.06M,4.14M,4.21M,4.27M,4.33M
Lesotho,853k,869k,886k,904k,922k,942k,962k,984k,1.01M,1.03M,1.05M,1.08M,1.1M,1.13M,1.16M,1.19M,1.23M,1.27M,1.3M,1.34M,1.38M,1.42M,1.45M,1.49M,1.53M,1.56M,1.6M,1.63M,1.67M,1.7M,1.74M,1.78M,1.82M,1.86M,1.9M,1.93M,1.97M,2M,2.02M,2.03M,2.04M,2.03M,2.02M,2.01M,2M,1.99M,1.99M,1.99M,1.99M,2M,2M,2.01M,2.03M,2.04M,2.06M,2.08M,2.09M,2.11M,2.13M,2.14M,2.16M
Letonia,2.16M,2.19M,2.21M,2.24M,2.27M,2.29M,2.31M,2.34M,2.36M,2.38M,2.4M,2.42M,2.44M,2.45M,2.47M,2.48M,2.49M,2.5M,2.51M,2.52M,2.53M,2.54M,2.55M,2.56M,2.58M,2.6M,2.63M,2.65M,2.66M,2.66M,2.65M,2.62M,2.58M,2.54M,2.51M,2.48M,2.45M,2.43M,2.41M,2.38M,2.36M,2.33M,2.31M,2.28M,2.25M,2.23M,2.2M,2.17M,2.14M,2.12M,2.09M,2.07M,2.04M,2.02M,2M,1.97M,1.95M,1.93M,1.91M,1.89M,1.87M
Líbano,1.86M,1.93M,1.98M,2.04M,2.09M,2.14M,2.17M,2.21M,2.25M,2.3M,2.35M,2.42M,2.48M,2.54M,2.58M,2.6M,2.6M,2.6M,2.59M,2.59M,2.59M,2.61M,2.62M,2.64M,2.65M,2.66M,2.67M,2.68M,2.73M,2.8M,2.92M,3.08M,3.25M,3.4M,3.53M,3.61M,3.66M,3.69M,3.75M,3.84M,3.99M,4.18M,4.39M,4.57M,4.7M,4.76M,4.77M,4.76M,4.81M,4.95M,5.2M,5.54M,5.91M,6.26M,6.53M,6.71M,6.82M,6.86M,6.86M,6.83M,6.77M
Liberia,1.14M,1.17M,1.19M,1.22M,1.25M,1.27M,1.3M,1.33M,1.37M,1.4M,1.44M,1.47M,1.51M,1.56M,1.6M,1.65M,1.69M,1.74M,1.79M,1.85M,1.92M,1.99M,2.06M,2.11M,2.15M,2.16M,2.15M,2.13M,2.11M,2.08M,2.04M,2M,1.98M,1.99M,2.04M,2.16M,2.33M,2.52M,2.7M,2.85M,2.95M,3.02M,3.08M,3.14M,3.22M,3.33M,3.46M,3.61M,3.75M,3.89M,4.02M,4.14M,4.25M,4.36M,4.47M,4.59M,4.7M,4.82M,4.94M,5.06M,5.18M
Libia,1.5M,1.55M,1.61M,1.67M,1.73M,1.8M,1.88M,1.96M,2.04M,2.13M,2.23M,2.33M,2.43M,2.54M,2.65M,2.75M,2.87M,2.98M,3.1M,3.22M,3.35M,3.48M,3.61M,3.75M,3.87M,3.99M,4.11M,4.22M,4.33M,4.44M,4.54M,4.65M,4.76M,4.85M,4.95M,5.04M,5.12M,5.2M,5.28M,5.36M,5.44M,5.53M,5.62M,5.71M,5.8M,5.89M,5.97M,6.06M,6.13M,6.2M,6.25M,6.29M,6.32M,6.36M,6.42M,6.49M,6.58M,6.68M,6.78M,6.87M,6.96M
Lituania,2.81M,2.85M,2.89M,2.93M,2.97M,3M,3.04M,3.07M,3.1M,3.14M,3.17M,3.2M,3.24M,3.27M,3.3M,3.33M,3.35M,3.38M,3.41M,3.43M,3.46M,3.48M,3.51M,3.53M,3.56M,3.59M,3.63M,3.66M,3.68M,3.7M,3.7M,3.69M,3.67M,3.65M,3.63M,3.6M,3.58M,3.56M,3.53M,3.5M,3.47M,3.44M,3.41M,3.38M,3.34M,3.3M,3.26M,3.21M,3.17M,3.12M,3.08M,3.05M,3.01M,2.97M,2.93M,2.89M,2.85M,2.8M,2.76M,2.72M,2.69M
Luxemburgo,317k,321k,324k,327k,330k,332k,334k,336k,338k,340k,342k,345k,348k,351k,354k,357k,359k,361k,363k,364k,365k,365k,365k,366k,367k,369k,371k,374k,378k,382k,386k,391k,397k,402k,408k,414k,420k,426k,431k,436k,440k,444k,447k,452k,458k,466k,475k,485k,497k,508k,519k,531k,543k,555k,567k,579k,592k,604k,616k,626k,635k
Macedonia del Norte,1.51M,1.53M,1.55M,1.57M,1.59M,1.62M,1.64M,1.67M,1.7M,1.72M,1.74M,1.75M,1.77M,1.78M,1.8M,1.83M,1.85M,1.88M,1.9M,1.92M,1.94M,1.96M,1.97M,1.97M,1.98M,1.99M,1.99M,2M,2M,2M,1.99M,1.99M,1.98M,1.98M,1.98M,1.99M,2M,2.01M,2.02M,2.03M,2.04M,2.05M,2.05M,2.06M,2.06M,2.06M,2.07M,2.07M,2.07M,2.07M,2.07M,2.07M,2.08M,2.08M,2.08M,2.08M,2.08M,2.08M,2.08M,2.08M,2.08M
Madagascar,5.22M,5.35M,5.49M,5.63M,5.77M,5.92M,6.07M,6.23M,6.4M,6.58M,6.76M,6.95M,7.14M,7.35M,7.56M,7.77M,8M,8.23M,8.47M,8.72M,8.97M,9.23M,9.5M,9.78M,10.1M,10.4M,10.6M,11M,11.3M,11.6M,11.9M,12.3M,12.7M,13.1M,13.5M,13.9M,14.3M,14.8M,15.3M,15.8M,16.3M,16.8M,17.3M,17.8M,18.3M,18.9M,19.4M,20M,20.6M,21.2M,21.7M,22.3M,23M,23.6M,24.2M,24.9M,25.6M,26.3M,27M,27.7M,28.4M
Malasia,8.42M,8.69M,8.97M,9.25M,9.53M,9.79M,10M,10.3M,10.5M,10.8M,11.1M,11.3M,11.6M,11.9M,12.2M,12.5M,12.8M,13.1M,13.5M,13.8M,14.1M,14.5M,14.8M,15.2M,15.6M,16M,16.5M,17M,17.5M,18M,18.5M,19M,19.5M,20M,20.5M,21M,21.6M,22.1M,22.7M,23.2M,23.7M,24.2M,24.7M,25.2M,25.7M,26.2M,26.7M,27.2M,27.7M,28.2M,28.7M,29.1M,29.5M,29.9M,30.3M,30.7M,31.1M,31.5M,31.9M,32.4M,32.8M
Malawi,3.75M,3.84M,3.93M,4.03M,4.13M,4.24M,4.35M,4.46M,4.58M,4.7M,4.83M,4.96M,5.09M,5.24M,5.38M,5.55M,5.72M,5.9M,6.08M,6.25M,6.41M,6.57M,6.74M,6.96M,7.27M,7.67M,8.14M,8.64M,9.08M,9.4M,9.6M,9.69M,9.71M,9.75M,9.84M,10M,10.3M,10.6M,10.9M,11.1M,11.4M,11.7M,12M,12.3M,12.6M,13M,13.3M,13.7M,14.1M,14.5M,15M,15.4M,15.8M,16.3M,16.7M,17.2M,17.7M,18.1M,18.6M,19.1M,19.6M
Maldivas,92.3k,94.9k,97.5k,100k,103k,105k,107k,110k,113k,116k,119k,123k,128k,132k,136k,141k,145k,149k,153k,158k,164k,170k,176k,183k,190k,196k,203k,210k,217k,223k,230k,236k,243k,249k,254k,259k,264k,268k,274k,279k,286k,294k,303k,311k,320k,327k,335k,343k,353k,366k,380k,397k,416k,435k,455k,476k,496k,516k,531k,541k,544k
Malí,5.32M,5.38M,5.44M,5.5M,5.57M,5.64M,5.71M,5.78M,5.86M,5.95M,6.04M,6.15M,6.26M,6.37M,6.48M,6.6M,6.71M,6.83M,6.96M,7.09M,7.23M,7.39M,7.55M,7.69M,7.83M,7.95M,8.06M,8.17M,8.3M,8.45M,8.64M,8.85M,9.09M,9.33M,9.59M,9.84M,10.1M,10.4M,10.6M,10.9M,11.3M,11.6M,12M,12.4M,12.8M,13.2M,13.7M,14.1M,14.6M,15M,15.5M,16M,16.4M,16.9M,17.4M,18M,18.5M,19.1M,19.7M,20.3M,20.9M
Malta,314k,317k,319k,321k,322k,323k,322k,322k,321k,321k,320k,320k,321k,321k,322k,324k,325k,327k,329k,331k,334k,337k,340k,343k,346k,349k,353k,356k,359k,362k,365k,368k,371k,374k,377k,380k,384k,387k,391k,394k,396k,399k,401k,403k,405k,406k,408k,409k,412k,414k,418k,422k,426k,430k,434k,436k,438k,439k,440k,442k,443k
Marruecos,12.7M,13.1M,13.5M,13.9M,14.2M,14.6M,15M,15.3M,15.7M,16M,16.4M,16.7M,17M,17.4M,17.8M,18.2M,18.6M,19.1M,19.5M,20M,20.5M,21M,21.5M,22M,22.5M,23M,23.4M,23.9M,24.4M,24.8M,25.3M,25.7M,26.2M,26.6M,27M,27.4M,27.8M,28.1M,28.5M,28.8M,29.1M,29.5M,29.8M,30.1M,30.5M,30.8M,31.2M,31.5M,31.9M,32.3M,32.8M,33.2M,33.7M,34.2M,34.7M,35.1M,35.6M,36M,36.5M,36.9M,37.3M
Mauricio,679k,698k,717k,736k,753k,770k,785k,799k,813k,826k,840k,852k,865k,878k,892k,907k,922k,938k,953k,966k,978k,989k,999k,1.01M,1.02M,1.02M,1.03M,1.04M,1.05M,1.06M,1.07M,1.08M,1.1M,1.11M,1.13M,1.14M,1.15M,1.17M,1.18M,1.19M,1.19M,1.2M,1.21M,1.22M,1.22M,1.23M,1.23M,1.24M,1.24M,1.25M,1.25M,1.25M,1.26M,1.26M,1.26M,1.26M,1.26M,1.27M,1.27M,1.27M,1.27M
Mauritania,876k,902k,929k,957k,986k,1.02M,1.05M,1.08M,1.11M,1.15M,1.18M,1.22M,1.25M,1.29M,1.33M,1.37M,1.41M,1.45M,1.5M,1.54M,1.59M,1.63M,1.68M,1.73M,1.78M,1.83M,1.88M,1.93M,1.98M,2.03M,2.09M,2.14M,2.2M,2.26M,2.31M,2.37M,2.43M,2.5M,2.56M,2.63M,2.7M,2.78M,2.86M,2.94M,3.02M,3.11M,3.2M,3.3M,3.39M,3.49M,3.6M,3.71M,3.82M,3.93M,4.05M,4.16M,4.28M,4.4M,4.53M,4.65M,4.78M
México,39M,40.2M,41.5M,42.8M,44.1M,45.5M,47M,48.4M,49.9M,51.5M,53.1M,54.7M,56.3M,58M,59.6M,61.2M,62.9M,64.5M,66.1M,67.8M,69.4M,71.1M,72.7M,74.4M,76M,77.6M,79.2M,80.8M,82.4M,83.9M,85.5M,87.1M,88.6M,90.2M,91.7M,93.1M,94.6M,96.1M,97.5M,98.9M,100M,102M,103M,105M,106M,108M,109M,111M,112M,114M,116M,117M,119M,120M,122M,123M,125M,126M,128M,129M,130M
Micronesia,45.9k,47.4k,48.9k,50.5k,52.2k,54.2k,56.3k,58.4k,60.1k,61.4k,62.1k,62.3k,62.3k,62.5k,63.1k,64.4k,66.1k,68.2k,70.5k,72.9k,75.4k,78k,80.6k,83.2k,85.6k,87.9k,90k,92k,94.1k,96.3k,98.8k,101k,104k,106k,108k,108k,108k,108k,108k,107k,107k,107k,107k,107k,106k,105k,104k,104k,103k,103k,103k,105k,106k,107k,109k,110k,111k,113k,114k,115k,116k
Mónaco,22.8k,23k,23.2k,23.2k,23.3k,23.3k,23.3k,23.3k,23.3k,23.5k,23.7k,24k,24.4k,24.8k,25.2k,25.5k,25.8k,26.1k,26.4k,26.8k,27.2k,27.6k,28.1k,28.5k,28.8k,29.1k,29.2k,29.2k,29.3k,29.4k,29.6k,29.9k,30.1k,30.4k,30.7k,31k,31.3k,31.6k,31.8k,32.1k,32.5k,32.8k,33.1k,33.5k,33.8k,34.2k,34.5k,34.9k,35.2k,35.6k,36k,36.5k,36.9k,37.3k,37.7k,38.1k,38.4k,38.7k,39k,39.2k,39.5k
Mongolia,982k,1.01M,1.04M,1.07M,1.11M,1.14M,1.17M,1.21M,1.24M,1.28M,1.32M,1.36M,1.4M,1.44M,1.48M,1.52M,1.56M,1.6M,1.65M,1.69M,1.73M,1.78M,1.82M,1.87M,1.92M,1.98M,2.03M,2.09M,2.14M,2.18M,2.22M,2.24M,2.26M,2.28M,2.3M,2.32M,2.34M,2.36M,2.38M,2.4M,2.42M,2.44M,2.47M,2.5M,2.53M,2.56M,2.59M,2.63M,2.67M,2.72M,2.77M,2.82M,2.88M,2.94M,3M,3.06M,3.11M,3.17M,3.23M,3.28M,3.33M
Montenegro,498k,510k,521k,529k,534k,534k,530k,525k,521k,520k,523k,529k,538k,547k,554k,560k,566k,570k,575k,581k,588k,595k,603k,609k,614k,616k,617k,616k,615k,615k,616k,617k,619k,620k,620k,620k,618k,616k,615k,614k,613k,613k,614k,615k,616k,618k,620k,621k,623k,624k,625k,626k,626k,627k,627k,627k,628k,628k,628k,628k,628k
Mozambique,7.34M,7.51M,7.68M,7.86M,8.04M,8.23M,8.42M,8.61M,8.82M,9.02M,9.23M,9.45M,9.67M,9.91M,10.2M,10.4M,10.7M,11M,11.3M,11.6M,11.9M,12.2M,12.4M,12.6M,12.8M,12.8M,12.8M,12.8M,12.8M,13M,13.3M,13.8M,14.4M,14.9M,15.5M,16M,16.4M,16.8M,17.2M,17.7M,18.2M,18.8M,19.3M,19.9M,20.5M,21.1M,21.7M,22.3M,22.9M,23.5M,24.2M,24.9M,25.6M,26.3M,27M,27.8M,28.6M,29.5M,30.4M,31.3M,32.2M
Myanmar,22.2M,22.7M,23.2M,23.7M,24.3M,24.8M,25.4M,26M,26.6M,27.3M,27.9M,28.6M,29.2M,29.9M,30.6M,31.3M,32M,32.7M,33.5M,34.2M,35M,35.7M,36.5M,37.2M,38M,38.7M,39.4M,40.1M,40.7M,41.3M,41.9M,42.4M,42.9M,43.4M,43.9M,44.5M,45M,45.6M,46.2M,46.7M,47.2M,47.7M,48.1M,48.6M,48.9M,49.3M,49.6M,49.9M,50.3M,50.6M,51M,51.4M,51.9M,52.3M,52.7M,53M,53.4M,53.7M,54M,54.4M,54.8M
Namibia,649k,665k,682k,699k,717k,735k,754k,773k,795k,817k,842k,869k,896k,923k,948k,971k,993k,1.01M,1.04M,1.06M,1.08M,1.11M,1.13M,1.16M,1.2M,1.24M,1.29M,1.34M,1.39M,1.43M,1.48M,1.52M,1.56M,1.59M,1.63M,1.66M,1.7M,1.73M,1.76M,1.79M,1.82M,1.85M,1.88M,1.91M,1.94M,1.97M,2.01M,2.04M,2.08M,2.12M,2.16M,2.19M,2.23M,2.27M,2.31M,2.36M,2.4M,2.45M,2.49M,2.54M,2.59M
Nauru,4630,4940,5270,5590,5860,6070,6220,6340,6450,6550,6670,6800,6930,7060,7180,7280,7400,7510,7630,7750,7870,8020,8160,8330,8500,8680,8870,9060,9280,9510,9770,10k,10.3k,10.5k,10.6k,10.7k,10.6k,10.6k,10.4k,10.3k,10.2k,10.1k,9990,9910,9850,9830,9850,9880,9950,10k,10.1k,10.1k,10.2k,10.3k,10.4k,10.5k,10.6k,10.7k,10.8k,10.8k,10.9k
Nepal,10.3M,10.4M,10.6M,10.8M,11M,11.2M,11.4M,11.6M,11.8M,12.1M,12.3M,12.6M,12.9M,13.1M,13.4M,13.7M,14M,14.3M,14.7M,15M,15.4M,15.7M,16.1M,16.5M,16.9M,17.2M,17.6M,18M,18.4M,18.9M,19.4M,19.9M,20.5M,21M,21.6M,22.1M,22.6M,23.1M,23.5M,23.9M,24.3M,24.7M,25.1M,25.4M,25.7M,26.1M,26.4M,26.7M,26.9M,27M,27M,27M,26.9M,26.9M,27M,27.3M,27.6M,28.1M,28.6M,29.1M,29.7M
Nicaragua,1.83M,1.89M,1.95M,2.01M,2.07M,2.13M,2.2M,2.26M,2.33M,2.41M,2.48M,2.56M,2.64M,2.72M,2.81M,2.89M,2.99M,3.08M,3.17M,3.27M,3.36M,3.46M,3.55M,3.64M,3.73M,3.82M,3.91M,4M,4.08M,4.17M,4.27M,4.36M,4.46M,4.56M,4.65M,4.74M,4.83M,4.91M,4.99M,5.07M,5.15M,5.22M,5.29M,5.36M,5.44M,5.51M,5.59M,5.67M,5.75M,5.82M,5.9M,5.98M,6.06M,6.14M,6.22M,6.3M,6.38M,6.47M,6.55M,6.62M,6.7M
Níger,3.49M,3.59M,3.69M,3.8M,3.91M,4.03M,4.14M,4.26M,4.39M,4.51M,4.64M,4.77M,4.9M,5.04M,5.18M,5.34M,5.49M,5.65M,5.82M,5.99M,6.16M,6.34M,6.53M,6.72M,6.92M,7.12M,7.33M,7.55M,7.78M,8.03M,8.29M,8.57M,8.86M,9.17M,9.49M,9.83M,10.2M,10.5M,10.9M,11.3M,11.8M,12.2M,12.6M,13.1M,13.6M,14.1M,14.7M,15.3M,15.8M,16.5M,17.1M,17.8M,18.5M,19.2M,20M,20.8M,21.6M,22.4M,23.3M,24.2M,25.1M
Nigeria,46.1M,47M,48M,49.1M,50.1M,51.2M,52.3M,53.5M,54.7M,56M,57.3M,58.7M,60.1M,61.7M,63.4M,65.2M,67.2M,69.3M,71.4M,73.4M,75.4M,77.4M,79.4M,81.4M,83.6M,85.8M,88M,90.4M,92.8M,95.2M,97.7M,100M,103M,105M,108M,111M,113M,116M,119M,122M,125M,129M,132M,135M,139M,143M,146M,150M,154M,159M,163M,167M,172M,176M,181M,186M,191M,196M,201M,206M,211M
Noruega,3.61M,3.64M,3.67M,3.7M,3.72M,3.75M,3.78M,3.82M,3.85M,3.88M,3.91M,3.93M,3.96M,3.99M,4.01M,4.03M,4.04M,4.06M,4.07M,4.09M,4.1M,4.11M,4.12M,4.14M,4.15M,4.17M,4.19M,4.21M,4.23M,4.25M,4.27M,4.29M,4.32M,4.34M,4.37M,4.39M,4.42M,4.45M,4.47M,4.5M,4.52M,4.55M,4.57M,4.6M,4.63M,4.67M,4.72M,4.77M,4.83M,4.89M,4.95M,5.01M,5.08M,5.14M,5.2M,5.25M,5.3M,5.34M,5.38M,5.42M,5.47M
Nueva Zelandia,2.42M,2.48M,2.53M,2.58M,2.63M,2.67M,2.7M,2.74M,2.77M,2.82M,2.87M,2.93M,2.99M,3.04M,3.08M,3.11M,3.12M,3.13M,3.14M,3.15M,3.16M,3.19M,3.22M,3.24M,3.27M,3.29M,3.31M,3.33M,3.36M,3.4M,3.45M,3.5M,3.56M,3.62M,3.67M,3.72M,3.75M,3.78M,3.82M,3.86M,3.91M,3.96M,4.02M,4.08M,4.14M,4.19M,4.23M,4.28M,4.32M,4.37M,4.42M,4.47M,4.52M,4.57M,4.61M,4.66M,4.7M,4.74M,4.78M,4.82M,4.86M
Omán,565k,579k,593k,609k,625k,642k,660k,680k,701k,724k,749k,776k,807k,842k,882k,927k,978k,1.03M,1.09M,1.15M,1.22M,1.29M,1.36M,1.43M,1.5M,1.56M,1.62M,1.68M,1.74M,1.81M,1.89M,1.98M,2.07M,2.15M,2.2M,2.24M,2.25M,2.25M,2.25M,2.27M,2.29M,2.33M,2.39M,2.45M,2.51M,2.58M,2.66M,2.75M,2.88M,3.04M,3.25M,3.5M,3.76M,4.03M,4.27M,4.48M,4.67M,4.83M,4.97M,5.11M,5.22M
Países Bajos,11.6M,11.8M,11.9M,12.1M,12.2M,12.4M,12.6M,12.7M,12.9M,13M,13.1M,13.3M,13.4M,13.6M,13.7M,13.8M,13.9M,14M,14.1M,14.1M,14.2M,14.3M,14.4M,14.4M,14.5M,14.6M,14.7M,14.8M,14.9M,15M,15.1M,15.2M,15.3M,15.4M,15.5M,15.6M,15.7M,15.7M,15.8M,15.9M,16M,16.1M,16.2M,16.3M,16.4M,16.4M,16.5M,16.6M,16.6M,16.7M,16.7M,16.8M,16.8M,16.9M,16.9M,17M,17M,17.1M,17.1M,17.1M,17.2M
Pakistán,46.1M,47.2M,48.4M,49.6M,50.9M,52.3M,53.7M,55.1M,56.6M,58.1M,59.7M,61.4M,63.1M,64.9M,66.8M,68.8M,71M,73.2M,75.6M,78.1M,80.7M,83.4M,86.3M,89.2M,92.2M,95.2M,98.3M,101M,105M,108M,111M,114M,117M,120M,124M,127M,131M,135M,139M,142M,146M,150M,153M,157M,160M,164M,168M,172M,176M,179M,183M,187M,191M,195M,199M,204M,208M,212M,217M,221M,225M
Palau,10k,10.3k,10.6k,10.8k,11k,11.2k,11.3k,11.5k,11.6k,11.8k,12.1k,12.3k,12.6k,12.8k,12.9k,12.8k,12.6k,12.4k,12.2k,12.2k,12.3k,12.5k,12.8k,13.2k,13.5k,13.8k,14.1k,14.4k,14.7k,15.1k,15.4k,15.9k,16.3k,16.7k,17.2k,17.6k,18k,18.4k,18.8k,19.1k,19.4k,19.6k,19.8k,19.9k,19.8k,19.5k,19.2k,18.7k,18.3k,18k,17.7k,17.6k,17.6k,17.6k,17.7k,17.7k,17.8k,17.9k,18k,18.1k,18.2k
Panamá,1.17M,1.2M,1.24M,1.28M,1.31M,1.35M,1.39M,1.43M,1.48M,1.52M,1.56M,1.61M,1.65M,1.7M,1.75M,1.79M,1.84M,1.88M,1.93M,1.98M,2.03M,2.07M,2.12M,2.17M,2.22M,2.27M,2.32M,2.37M,2.42M,2.47M,2.52M,2.58M,2.63M,2.68M,2.74M,2.8M,2.85M,2.91M,2.97M,3.03M,3.09M,3.15M,3.21M,3.27M,3.33M,3.39M,3.45M,3.52M,3.58M,3.64M,3.71M,3.77M,3.84M,3.9M,3.97M,4.04M,4.11M,4.18M,4.25M,4.31M,4.38M
Papua Nueva Guinea,2.3M,2.34M,2.39M,2.43M,2.49M,2.54M,2.6M,2.66M,2.72M,2.78M,2.85M,2.92M,2.99M,3.06M,3.14M,3.22M,3.3M,3.39M,3.48M,3.57M,3.67M,3.77M,3.87M,3.98M,4.08M,4.19M,4.29M,4.4M,4.51M,4.62M,4.73M,4.84M,4.95M,5.07M,5.19M,5.31M,5.45M,5.58M,5.72M,5.85M,5.97M,6.1M,6.22M,6.35M,6.49M,6.65M,6.81M,6.98M,7.14M,7.31M,7.47M,7.63M,7.79M,7.95M,8.11M,8.27M,8.44M,8.61M,8.78M,8.95M,9.12M
Paraguay,1.95M,2.01M,2.06M,2.12M,2.17M,2.23M,2.29M,2.35M,2.41M,2.47M,2.54M,2.6M,2.66M,2.72M,2.79M,2.86M,2.94M,3.01M,3.1M,3.18M,3.27M,3.37M,3.47M,3.57M,3.68M,3.78M,3.89M,4M,4.11M,4.22M,4.33M,4.45M,4.56M,4.67M,4.78M,4.89M,5M,5.11M,5.22M,5.32M,5.43M,5.53M,5.63M,5.73M,5.82M,5.91M,6M,6.08M,6.16M,6.25M,6.33M,6.42M,6.51M,6.6M,6.69M,6.78M,6.87M,6.96M,7.04M,7.13M,7.22M
Perú,10.4M,10.7M,11.1M,11.4M,11.7M,12M,12.4M,12.7M,13.1M,13.5M,13.8M,14.2M,14.6M,15M,15.4M,15.8M,16.3M,16.7M,17.1M,17.5M,18M,18.4M,18.9M,19.3M,19.8M,20.2M,20.7M,21.2M,21.6M,22.1M,22.5M,23M,23.4M,23.9M,24.3M,24.8M,25.2M,25.7M,26.1M,26.5M,26.8M,27.1M,27.4M,27.6M,27.9M,28.1M,28.3M,28.6M,28.8M,29M,29.3M,29.5M,29.8M,30.1M,30.5M,30.9M,31.4M,32M,32.5M,33M,33.4M
Polonia,30M,30.4M,30.7M,31.1M,31.4M,31.6M,31.9M,32.1M,32.4M,32.6M,32.9M,33.1M,33.4M,33.7M,34M,34.3M,34.6M,34.9M,35.2M,35.5M,35.9M,36.2M,36.6M,36.9M,37.1M,37.4M,37.5M,37.7M,37.8M,38M,38.1M,38.2M,38.3M,38.4M,38.5M,38.5M,38.5M,38.6M,38.6M,38.6M,38.5M,38.5M,38.4M,38.4M,38.4M,38.4M,38.4M,38.4M,38.4M,38.3M,38.3M,38.2M,38.2M,38.1M,38M,38M,38M,37.9M,37.9M,37.8M,37.8M
Portugal,8.87M,8.89M,8.9M,8.89M,8.86M,8.81M,8.75M,8.69M,8.65M,8.65M,8.7M,8.79M,8.91M,9.04M,9.17M,9.3M,9.43M,9.55M,9.66M,9.75M,9.82M,9.87M,9.9M,9.92M,9.93M,9.93M,9.91M,9.9M,9.89M,9.9M,9.92M,9.95M,10M,10M,10.1M,10.1M,10.2M,10.2M,10.3M,10.3M,10.3M,10.4M,10.4M,10.5M,10.5M,10.5M,10.6M,10.6M,10.6M,10.6M,10.6M,10.5M,10.5M,10.4M,10.4M,10.3M,10.3M,10.3M,10.2M,10.2M,10.2M
Qatar,51.4k,56.3k,61.7k,67.6k,73.6k,79.8k,86.3k,93.2k,101k,110k,119k,131k,142k,154k,164k,174k,182k,192k,205k,224k,248k,277k,309k,341k,371k,398k,422k,444k,462k,476k,487k,495k,501k,507k,513k,523k,535k,552k,570k,592k,615k,641k,682k,753k,865k,1.02M,1.22M,1.44M,1.65M,1.86M,2.04M,2.2M,2.34M,2.46M,2.57M,2.65M,2.72M,2.78M,2.83M,2.88M,2.93M
Reino Unido,52.7M,53.1M,53.5M,53.9M,54.2M,54.6M,54.9M,55.1M,55.4M,55.6M,55.7M,55.9M,56M,56.1M,56.2M,56.2M,56.2M,56.2M,56.2M,56.2M,56.2M,56.2M,56.3M,56.3M,56.4M,56.5M,56.7M,56.8M,57M,57.1M,57.3M,57.4M,57.6M,57.8M,57.9M,58.1M,58.3M,58.5M,58.7M,58.9M,59.1M,59.3M,59.6M,59.9M,60.3M,60.8M,61.5M,62.1M,62.8M,63.5M,64M,64.5M,65M,65.4M,65.9M,66.3M,66.7M,67.1M,67.5M,67.9M,68.2M
República Centroafricana,1.53M,1.55M,1.58M,1.61M,1.64M,1.67M,1.71M,1.74M,1.78M,1.81M,1.84M,1.87M,1.89M,1.92M,1.96M,2M,2.04M,2.09M,2.14M,2.2M,2.26M,2.34M,2.41M,2.48M,2.54M,2.6M,2.65M,2.69M,2.75M,2.81M,2.88M,2.96M,3.05M,3.14M,3.22M,3.31M,3.39M,3.48M,3.56M,3.64M,3.72M,3.8M,3.88M,3.96M,4.04M,4.12M,4.2M,4.27M,4.34M,4.39M,4.42M,4.44M,4.45M,4.46M,4.49M,4.54M,4.6M,4.67M,4.75M,4.83M,4.92M
República de Moldova,3.08M,3.15M,3.21M,3.28M,3.34M,3.39M,3.45M,3.5M,3.55M,3.6M,3.65M,3.7M,3.75M,3.8M,3.84M,3.88M,3.91M,3.94M,3.98M,4.01M,4.05M,4.09M,4.13M,4.18M,4.22M,4.25M,4.29M,4.32M,4.35M,4.37M,4.38M,4.38M,4.37M,4.36M,4.34M,4.32M,4.29M,4.25M,4.23M,4.2M,4.19M,4.18M,4.17M,4.17M,4.16M,4.15M,4.13M,4.11M,4.1M,4.09M,4.08M,4.08M,4.07M,4.07M,4.07M,4.07M,4.06M,4.05M,4.04M,4.03M,4.02M
República Democrática del Congo,15.6M,16M,16.5M,16.9M,17.4M,17.9M,18.4M,18.9M,19.5M,20M,20.6M,21.1M,21.7M,22.3M,22.9M,23.6M,24.2M,25M,25.7M,26.4M,27M,27.7M,28.4M,29.1M,29.9M,30.7M,31.5M,32.4M,33.5M,34.6M,35.9M,37.3M,38.8M,40.3M,41.6M,42.8M,43.8M,44.8M,45.9M,47.1M,48.4M,49.9M,51.4M,53.1M,54.8M,56.6M,58.5M,60.4M,62.4M,64.6M,66.8M,69M,71.4M,73.8M,76.2M,78.8M,81.4M,84.1M,86.8M,89.6M,92.4M
República Dominicana,3.41M,3.52M,3.64M,3.76M,3.88M,4M,4.12M,4.25M,4.37M,4.5M,4.63M,4.76M,4.88M,5.01M,5.14M,5.28M,5.41M,5.54M,5.67M,5.8M,5.94M,6.07M,6.2M,6.33M,6.46M,6.6M,6.73M,6.86M,7M,7.13M,7.27M,7.41M,7.55M,7.68M,7.82M,7.95M,8.08M,8.21M,8.34M,8.47M,8.6M,8.72M,8.85M,8.97M,9.1M,9.22M,9.34M,9.46M,9.58M,9.7M,9.81M,9.93M,10M,10.2M,10.3M,10.4M,10.5M,10.6M,10.7M,10.8M,11M
República Unida de Tanzanía,10.3M,10.7M,11M,11.3M,11.6M,12M,12.3M,12.7M,13.1M,13.5M,14M,14.4M,14.9M,15.4M,15.9M,16.4M,16.9M,17.4M,18M,18.5M,19.1M,19.7M,20.3M,21M,21.6M,22.3M,23M,23.7M,24.4M,25.2M,26.1M,27M,27.9M,28.8M,29.6M,30.4M,31.2M,31.9M,32.7M,33.5M,34.4M,35.3M,36.3M,37.4M,38.5M,39.5M,40.7M,41.9M,43.1M,44.3M,45.7M,47.1M,48.5M,50M,51.5M,53M,54.7M,56.3M,58M,59.7M,61.5M
Ruanda,3M,3.05M,3.11M,3.16M,3.24M,3.32M,3.42M,3.53M,3.64M,3.76M,3.87M,3.99M,4.11M,4.23M,4.36M,4.51M,4.66M,4.81M,4.98M,5.15M,5.33M,5.5M,5.69M,5.9M,6.15M,6.44M,6.78M,7.09M,7.28M,7.29M,7.08M,6.7M,6.26M,5.94M,5.84M,6.01M,6.42M,6.96M,7.5M,7.93M,8.23M,8.43M,8.56M,8.68M,8.84M,9.04M,9.27M,9.52M,9.78M,10M,10.3M,10.5M,10.8M,11.1M,11.4M,11.7M,12M,12.3M,12.6M,13M,13.3M
Rumania,18.8M,18.9M,19.1M,19.2M,19.4M,19.6M,19.8M,20.1M,20.3M,20.5M,20.8M,21M,21.2M,21.5M,21.7M,21.9M,22.1M,22.3M,22.5M,22.6M,22.7M,22.8M,22.9M,23M,23.1M,23.2M,23.3M,23.4M,23.5M,23.5M,23.5M,23.4M,23.3M,23.1M,23M,22.8M,22.6M,22.5M,22.3M,22.1M,22M,21.9M,21.7M,21.6M,21.4M,21.2M,21M,20.8M,20.6M,20.5M,20.3M,20.2M,20.1M,20M,19.9M,19.8M,19.7M,19.5M,19.4M,19.2M,19.1M
Saint Kitts y Nevis,51.2k,51k,50.5k,49.9k,49.2k,48.4k,47.4k,46.4k,45.5k,44.9k,44.5k,44.3k,44.3k,44.3k,44.3k,44.1k,43.9k,43.7k,43.5k,43.2k,43k,42.7k,42.5k,42.2k,41.9k,41.5k,41k,40.6k,40.4k,40.3k,40.4k,40.7k,41.1k,41.6k,42.1k,42.5k,42.9k,43.2k,43.6k,44.1k,44.6k,45.2k,45.7k,46.3k,46.9k,47.3k,47.8k,48.2k,48.6k,49k,49.4k,49.9k,50.3k,50.8k,51.2k,51.6k,52k,52.4k,52.8k,53.2k,53.5k
Samoa,112k,116k,120k,123k,127k,131k,134k,137k,140k,143k,145k,147k,149k,150k,151k,152k,153k,154k,155k,156k,156k,157k,158k,159k,160k,161k,161k,161k,162k,163k,164k,165k,167k,169k,170k,171k,172k,173k,174k,174k,175k,176k,177k,179k,180k,181k,182k,183k,185k,186k,187k,189k,191k,192k,194k,195k,195k,196k,197k,198k,200k
San Marino,15.8k,16.3k,16.7k,17.1k,17.5k,17.9k,18.3k,18.7k,19k,19.2k,19.4k,19.5k,19.6k,19.7k,19.8k,20.1k,20.4k,20.8k,21.1k,21.5k,21.8k,22k,22.3k,22.5k,22.8k,23k,23.3k,23.5k,23.8k,24.1k,24.5k,24.8k,25.2k,25.6k,25.9k,26.3k,26.6k,26.9k,27.1k,27.5k,27.8k,28.2k,28.6k,28.9k,29.3k,29.7k,30.1k,30.4k,30.8k,31.2k,31.7k,32.1k,32.6k,32.9k,33.3k,33.5k,33.7k,33.8k,33.9k,33.9k,34k
San Vicente y las Granadinas,82.2k,83.2k,84.2k,85.1k,86k,86.9k,87.8k,88.7k,89.6k,90.5k,91.5k,92.5k,93.6k,94.6k,95.7k,96.7k,97.7k,98.7k,99.6k,101k,101k,102k,103k,104k,105k,105k,106k,107k,107k,107k,108k,108k,108k,108k,108k,108k,108k,108k,108k,108k,108k,108k,108k,109k,109k,109k,109k,108k,108k,108k,108k,108k,109k,109k,109k,109k,110k,110k,111k,111k,111k
Santa Lucía,90.7k,91.9k,93.2k,94.6k,96.1k,97.7k,99.4k,101k,103k,104k,105k,106k,107k,108k,110k,111k,113k,114k,116k,118k,119k,121k,123k,124k,126k,128k,131k,133k,136k,138k,140k,142k,143k,145k,147k,149k,151k,153k,155k,157k,158k,159k,161k,162k,163k,165k,168k,170k,172k,174k,176k,177k,178k,178k,179k,180k,181k,182k,183k,184k,184k
Santo Tomé y Príncipe,64.6k,64.5k,64.2k,64.3k,64.9k,66.2k,68k,70.3k,72.5k,74.6k,76.3k,77.9k,79.5k,81.1k,83.1k,85.5k,88.1k,90.8k,93.5k,95.8k,97.8k,99.5k,101k,103k,105k,107k,110k,113k,116k,119k,122k,125k,127k,129k,132k,134k,136k,138k,140k,142k,145k,147k,150k,154k,157k,162k,166k,171k,176k,180k,185k,188k,192k,196k,199k,203k,207k,211k,215k,219k,223k
Senegal,3.3M,3.39M,3.48M,3.58M,3.68M,3.79M,3.9M,4.01M,4.13M,4.26M,4.39M,4.52M,4.66M,4.8M,4.93M,5.06M,5.18M,5.31M,5.44M,5.58M,5.74M,5.91M,6.09M,6.28M,6.47M,6.67M,6.88M,7.09M,7.3M,7.53M,7.76M,7.99M,8.23M,8.46M,8.69M,8.91M,9.13M,9.35M,9.57M,9.8M,10M,10.3M,10.5M,10.8M,11.1M,11.4M,11.7M,12M,12.3M,12.7M,13M,13.4M,13.8M,14.2M,14.6M,15M,15.4M,15.9M,16.3M,16.7M,17.2M
Serbia,7.61M,7.67M,7.73M,7.78M,7.84M,7.89M,7.94M,8M,8.06M,8.12M,8.19M,8.26M,8.34M,8.42M,8.5M,8.58M,8.66M,8.75M,8.83M,8.91M,8.98M,9.06M,9.13M,9.19M,9.25M,9.31M,9.35M,9.4M,9.45M,9.52M,9.6M,9.7M,9.8M,9.86M,9.88M,9.86M,9.78M,9.69M,9.58M,9.49M,9.41M,9.35M,9.29M,9.24M,9.19M,9.15M,9.1M,9.06M,9.02M,8.99M,8.96M,8.94M,8.92M,8.9M,8.88M,8.85M,8.83M,8.8M,8.77M,8.74M,8.7M
Seychelles,42.5k,43.5k,44.5k,45.7k,46.8k,47.9k,48.9k,50k,51.1k,52.4k,53.7k,55.1k,56.6k,58.1k,59.6k,61k,62.5k,63.9k,65.1k,66.2k,67.2k,68.1k,68.8k,69.4k,69.8k,69.9k,69.9k,69.9k,70.1k,70.6k,71.4k,72.7k,74.1k,75.4k,76.7k,77.6k,78.4k,79.1k,79.9k,81k,82.4k,84.1k,85.8k,87.4k,88.7k,89.5k,90.1k,90.5k,90.8k,91.3k,91.9k,92.6k,93.4k,94.2k,95k,95.7k,96.4k,97.1k,97.7k,98.3k,98.9k
Sierra Leona,2.35M,2.39M,2.43M,2.47M,2.51M,2.55M,2.6M,2.64M,2.69M,2.74M,2.8M,2.85M,2.91M,2.97M,3.04M,3.1M,3.17M,3.24M,3.31M,3.39M,3.46M,3.54M,3.62M,3.71M,3.81M,3.92M,4.04M,4.16M,4.25M,4.32M,4.35M,4.35M,4.33M,4.31M,4.3M,4.31M,4.34M,4.38M,4.46M,4.58M,4.75M,4.97M,5.2M,5.43M,5.65M,5.83M,5.99M,6.13M,6.27M,6.42M,6.56M,6.71M,6.86M,7.02M,7.17M,7.33M,7.49M,7.65M,7.81M,7.98M,8.14M
Singapur,1.69M,1.74M,1.79M,1.83M,1.88M,1.92M,1.96M,2M,2.03M,2.07M,2.11M,2.15M,2.19M,2.23M,2.26M,2.29M,2.31M,2.34M,2.37M,2.41M,2.46M,2.52M,2.58M,2.64M,2.71M,2.76M,2.82M,2.87M,2.94M,3.01M,3.1M,3.2M,3.31M,3.42M,3.53M,3.64M,3.75M,3.86M,3.95M,4.03M,4.08M,4.1M,4.13M,4.18M,4.27M,4.4M,4.58M,4.78M,4.97M,5.13M,5.26M,5.37M,5.45M,5.53M,5.59M,5.65M,5.71M,5.76M,5.8M,5.85M,5.9M
Somalia,2.81M,2.87M,2.94M,3M,3.07M,3.14M,3.23M,3.31M,3.39M,3.44M,3.47M,3.48M,3.51M,3.63M,3.88M,4.28M,4.8M,5.38M,5.89M,6.28M,6.51M,6.61M,6.62M,6.61M,6.65M,6.74M,6.86M,7.01M,7.13M,7.23M,7.27M,7.3M,7.32M,7.37M,7.49M,7.68M,7.94M,8.24M,8.55M,8.87M,9.19M,9.5M,9.82M,10.1M,10.4M,10.8M,11.1M,11.4M,11.7M,12M,12.4M,12.7M,13.1M,13.4M,13.8M,14.2M,14.6M,15M,15.4M,15.9M,16.4M
Sri Lanka,10.1M,10.4M,10.6M,10.8M,11.1M,11.4M,11.7M,11.9M,12.2M,12.5M,12.7M,13M,13.3M,13.5M,13.8M,14M,14.3M,14.5M,14.8M,15M,15.3M,15.5M,15.7M,15.9M,16.2M,16.4M,16.6M,16.9M,17.1M,17.3M,17.5M,17.7M,17.9M,18.1M,18.2M,18.4M,18.5M,18.6M,18.7M,18.8M,18.9M,19.1M,19.2M,19.4M,19.5M,19.7M,19.8M,20M,20.1M,20.3M,20.4M,20.5M,20.7M,20.8M,20.9M,21M,21.1M,21.2M,21.3M,21.4M,21.5M
Sudáfrica,17.5M,18M,18.4M,18.9M,19.4M,19.9M,20.4M,20.9M,21.5M,22.1M,22.7M,23.3M,23.9M,24.6M,25.2M,25.8M,26.5M,27.1M,27.8M,28.6M,29.3M,30.2M,31M,31.8M,32.7M,33.5M,34.3M,35.1M,35.9M,36.8M,37.7M,38.7M,39.6M,40.6M,41.4M,42.2M,43M,43.7M,44.3M,45M,45.6M,46.2M,46.7M,47.3M,47.9M,48.5M,49.1M,49.8M,50.5M,51.2M,52M,52.8M,53.7M,54.5M,55.4M,56.2M,57M,57.8M,58.6M,59.3M,60M
Sudán,7.77M,8M,8.25M,8.5M,8.77M,9.05M,9.34M,9.64M,9.95M,10.3M,10.6M,11M,11.3M,11.7M,12.1M,12.6M,13M,13.5M,14M,14.5M,15M,15.6M,16.1M,16.7M,17.2M,17.8M,18.3M,18.9M,19.5M,20.1M,20.9M,21.7M,22.5M,23.3M,24.1M,24.8M,25.4M,26M,26.6M,27.3M,28M,28.7M,29.5M,30.2M,30.9M,31.7M,32.4M,33.1M,33.8M,34.5M,35.3M,36.2M,37.1M,38M,38.9M,39.8M,40.8M,41.8M,42.8M,43.8M,44.9M
Sudán del Sur,2.9M,2.95M,3.01M,3.07M,3.13M,3.2M,3.27M,3.34M,3.42M,3.49M,3.58M,3.66M,3.75M,3.84M,3.94M,4.04M,4.14M,4.25M,4.37M,4.5M,4.65M,4.8M,4.95M,5.1M,5.22M,5.33M,5.42M,5.49M,5.51M,5.49M,5.42M,5.31M,5.19M,5.11M,5.12M,5.22M,5.41M,5.66M,5.93M,6.2M,6.45M,6.69M,6.94M,7.21M,7.54M,7.91M,8.32M,8.74M,9.14M,9.51M,9.83M,10.1M,10.4M,10.6M,10.7M,10.8M,10.9M,11M,11.1M,11.2M,11.4M
Suecia,7.53M,7.58M,7.63M,7.69M,7.75M,7.81M,7.88M,7.94M,8M,8.05M,8.1M,8.13M,8.15M,8.17M,8.2M,8.22M,8.25M,8.28M,8.3M,8.32M,8.33M,8.33M,8.33M,8.34M,8.36M,8.38M,8.42M,8.46M,8.51M,8.57M,8.63M,8.69M,8.75M,8.8M,8.84M,8.86M,8.87M,8.87M,8.87M,8.88M,8.9M,8.92M,8.95M,8.99M,9.04M,9.1M,9.16M,9.24M,9.31M,9.39M,9.47M,9.54M,9.62M,9.69M,9.76M,9.84M,9.9M,9.97M,10M,10.1M,10.2M
Suiza,5.38M,5.49M,5.6M,5.71M,5.81M,5.9M,5.97M,6.04M,6.1M,6.15M,6.2M,6.25M,6.29M,6.32M,6.34M,6.34M,6.32M,6.3M,6.29M,6.28M,6.3M,6.32M,6.36M,6.4M,6.44M,6.47M,6.51M,6.55M,6.6M,6.65M,6.72M,6.79M,6.87M,6.94M,7M,7.04M,7.07M,7.09M,7.12M,7.14M,7.18M,7.22M,7.27M,7.32M,7.39M,7.46M,7.54M,7.62M,7.71M,7.81M,7.91M,8.01M,8.11M,8.21M,8.3M,8.38M,8.46M,8.53M,8.59M,8.65M,8.72M
Suriname,296k,304k,312k,320k,329k,338k,348k,357k,364k,368k,369k,368k,365k,362k,359k,358k,358k,358k,359k,360k,360k,361k,362k,365k,369k,374k,381k,389k,397k,405k,413k,421k,428k,435k,442k,448k,454k,460k,465k,471k,477k,482k,488k,494k,499k,505k,511k,517k,523k,529k,535k,541k,547k,553k,559k,565k,571k,576k,581k,587k,592k
Tailandia,28.2M,29.1M,30M,30.9M,31.8M,32.8M,33.8M,34.8M,35.8M,36.9M,38M,39.1M,40.2M,41.3M,42.3M,43.4M,44.4M,45.4M,46.4M,47.4M,48.3M,49.3M,50.2M,51.1M,52M,53M,53.9M,54.9M,55.8M,56.6M,57.2M,57.8M,58.3M,58.9M,59.5M,60.1M,60.8M,61.6M,62.3M,63M,63.5M,64.1M,64.5M,65M,65.4M,65.8M,66.2M,66.5M,66.9M,67.2M,67.5M,67.8M,68.1M,68.4M,68.7M,69M,69.2M,69.4M,69.6M,69.8M,70M
Tayikistán,2.16M,2.24M,2.32M,2.4M,2.49M,2.57M,2.66M,2.75M,2.84M,2.93M,3.02M,3.11M,3.2M,3.3M,3.39M,3.49M,3.59M,3.69M,3.79M,3.91M,4.02M,4.14M,4.27M,4.4M,4.54M,4.69M,4.84M,5M,5.15M,5.28M,5.4M,5.5M,5.59M,5.68M,5.76M,5.85M,5.94M,6.03M,6.12M,6.22M,6.32M,6.43M,6.54M,6.66M,6.79M,6.92M,7.06M,7.21M,7.36M,7.53M,7.7M,7.87M,8.06M,8.25M,8.45M,8.66M,8.88M,9.1M,9.32M,9.54M,9.75M
Timor-Leste,483k,492k,501k,510k,520k,529k,539k,549k,560k,572k,585k,600k,614k,625k,629k,627k,620k,610k,602k,600k,604k,613k,627k,642k,657k,672k,686k,702k,719k,738k,760k,783k,807k,828k,844k,855k,862k,867k,873k,884k,901k,923k,947k,972k,995k,1.02M,1.04M,1.06M,1.07M,1.09M,1.11M,1.13M,1.15M,1.17M,1.2M,1.22M,1.24M,1.27M,1.29M,1.32M,1.34M
Togo,1.6M,1.61M,1.63M,1.66M,1.71M,1.77M,1.86M,1.95M,2.03M,2.12M,2.19M,2.25M,2.3M,2.36M,2.41M,2.46M,2.52M,2.58M,2.64M,2.72M,2.81M,2.92M,3.03M,3.14M,3.25M,3.36M,3.47M,3.58M,3.68M,3.77M,3.86M,3.95M,4.03M,4.12M,4.23M,4.35M,4.49M,4.63M,4.78M,4.92M,5.06M,5.2M,5.33M,5.47M,5.61M,5.76M,5.92M,6.08M,6.25M,6.42M,6.6M,6.77M,6.95M,7.14M,7.32M,7.51M,7.7M,7.89M,8.08M,8.28M,8.48M
Tonga,63.7k,66.2k,69k,71.7k,74.3k,76.8k,79k,81.1k,82.9k,84.3k,85.5k,86.3k,87k,87.6k,88.3k,89.2k,90.3k,91.3k,92.3k,93k,93.4k,93.6k,93.7k,93.8k,93.9k,94.1k,94.3k,94.6k,94.8k,95.1k,95.2k,95.4k,95.6k,95.7k,96k,96.3k,96.6k,97k,97.5k,98k,98.5k,99k,99.6k,100k,101k,102k,103k,103k,104k,104k,104k,103k,102k,101k,101k,101k,102k,103k,104k,106k,107k
Trinidad y Tobago,865k,879k,892k,903k,912k,919k,925k,931k,937k,945k,956k,968k,982k,996k,1.01M,1.03M,1.04M,1.05M,1.07M,1.08M,1.1M,1.12M,1.14M,1.16M,1.17M,1.18M,1.19M,1.2M,1.21M,1.22M,1.23M,1.24M,1.24M,1.25M,1.25M,1.26M,1.26M,1.26M,1.26M,1.27M,1.27M,1.28M,1.28M,1.29M,1.3M,1.3M,1.31M,1.31M,1.32M,1.33M,1.34M,1.34M,1.35M,1.36M,1.37M,1.38M,1.38M,1.39M,1.39M,1.4M,1.4M
Túnez,4.24M,4.31M,4.38M,4.46M,4.55M,4.64M,4.74M,4.85M,4.95M,5.06M,5.18M,5.29M,5.41M,5.53M,5.66M,5.79M,5.92M,6.06M,6.21M,6.37M,6.55M,6.74M,6.94M,7.14M,7.33M,7.52M,7.7M,7.88M,8.06M,8.24M,8.43M,8.61M,8.8M,8.97M,9.13M,9.27M,9.4M,9.51M,9.61M,9.71M,9.79M,9.87M,9.95M,10M,10.1M,10.2M,10.3M,10.4M,10.5M,10.6M,10.7M,10.8M,11M,11.1M,11.2M,11.3M,11.4M,11.6M,11.7M,11.8M,11.9M
Turkmenistán,1.66M,1.72M,1.77M,1.83M,1.89M,1.95M,2.01M,2.07M,2.13M,2.2M,2.26M,2.32M,2.39M,2.46M,2.53M,2.59M,2.66M,2.73M,2.81M,2.88M,2.95M,3.02M,3.09M,3.17M,3.24M,3.32M,3.41M,3.49M,3.59M,3.68M,3.79M,3.9M,4.01M,4.12M,4.21M,4.29M,4.36M,4.41M,4.47M,4.52M,4.56M,4.61M,4.66M,4.7M,4.75M,4.81M,4.87M,4.94M,5.01M,5.09M,5.17M,5.27M,5.37M,5.47M,5.57M,5.66M,5.76M,5.85M,5.94M,6.03M,6.12M
Tuvalu,5330,5340,5340,5350,5390,5440,5510,5600,5670,5740,5770,5790,5820,5900,6060,6320,6650,7020,7360,7630,7830,7950,8040,8110,8210,8340,8480,8640,8790,8910,9010,9110,9190,9260,9300,9320,9330,9330,9340,9390,9480,9590,9720,9870,10000,10.1k,10.2k,10.3k,10.4k,10.5k,10.6k,10.7k,10.8k,11k,11.1k,11.2k,11.4k,11.5k,11.7k,11.8k,11.9k
Ucrania,43.2M,43.8M,44.3M,44.8M,45.3M,45.7M,46.1M,46.4M,46.7M,47.1M,47.4M,47.8M,48.1M,48.5M,48.8M,49M,49.3M,49.5M,49.7M,50M,50.2M,50.4M,50.6M,50.7M,50.9M,51.1M,51.2M,51.3M,51.4M,51.5M,51.5M,51.4M,51.3M,51.1M,50.9M,50.6M,50.2M,49.7M,49.3M,48.8M,48.4M,48M,47.6M,47.2M,46.9M,46.6M,46.4M,46.2M,46M,45.8M,45.6M,45.5M,45.3M,45.1M,44.9M,44.7M,44.5M,44.2M,44M,43.7M,43.5M
Uganda,6.98M,7.22M,7.46M,7.72M,7.99M,8.26M,8.55M,8.84M,9.13M,9.41M,9.67M,9.93M,10.2M,10.5M,10.7M,11M,11.4M,11.7M,12.1M,12.4M,12.8M,13.2M,13.6M,14.1M,14.6M,15.1M,15.6M,16.2M,16.8M,17.4M,18M,18.6M,19.2M,19.8M,20.4M,21M,21.7M,22.3M,23M,23.7M,24.4M,25.2M,26M,26.8M,27.7M,28.6M,29.5M,30.4M,31.4M,32.4M,33.5M,34.6M,35.7M,36.9M,38.2M,39.6M,41.2M,42.7M,44.3M,45.7M,47.1M
Uruguay,2.57M,2.6M,2.64M,2.67M,2.69M,2.72M,2.75M,2.77M,2.8M,2.81M,2.82M,2.82M,2.82M,2.82M,2.83M,2.84M,2.86M,2.88M,2.9M,2.92M,2.93M,2.95M,2.97M,2.99M,3.01M,3.03M,3.05M,3.07M,3.09M,3.11M,3.13M,3.15M,3.18M,3.2M,3.22M,3.25M,3.27M,3.29M,3.31M,3.32M,3.33M,3.33M,3.32M,3.32M,3.32M,3.33M,3.33M,3.34M,3.35M,3.36M,3.37M,3.38M,3.39M,3.4M,3.41M,3.42M,3.44M,3.45M,3.46M,3.47M,3.49M
Uzbekistán,8.81M,9.11M,9.43M,9.76M,10.1M,10.5M,10.9M,11.3M,11.7M,12.1M,12.4M,12.8M,13.1M,13.5M,13.9M,14.2M,14.6M,15.1M,15.5M,15.9M,16.3M,16.7M,17.2M,17.6M,18.1M,18.5M,19M,19.4M,19.9M,20.4M,20.9M,21.4M,21.9M,22.3M,22.8M,23.2M,23.6M,24M,24.4M,24.8M,25.1M,25.4M,25.7M,26.1M,26.4M,26.8M,27.2M,27.6M,28.1M,28.5M,29M,29.4M,29.9M,30.4M,30.9M,31.4M,32M,32.5M,33M,33.5M,33.9M
Vanuatu,65.7k,67.8k,69.9k,72.1k,74.3k,76.4k,78.5k,80.7k,82.9k,85.4k,88k,90.8k,93.7k,96.8k,99.9k,103k,106k,109k,113k,116k,119k,121k,124k,127k,130k,133k,136k,139k,143k,147k,151k,155k,160k,164k,168k,172k,175k,178k,181k,185k,189k,194k,199k,204k,209k,214k,219k,225k,230k,236k,243k,250k,257k,264k,271k,278k,285k,293k,300k,307k,314k
Viet Nam,33.7M,34.7M,35.7M,36.8M,37.9M,39M,40.1M,41.2M,42.3M,43.4M,44.5M,45.5M,46.6M,47.7M,48.7M,49.8M,50.9M,52M,53.1M,54.3M,55.5M,56.8M,58.1M,59.5M,60.9M,62.3M,63.7M,65.1M,66.6M,68M,69.4M,70.9M,72.3M,73.7M,74.9M,76.1M,77.1M,78.1M,79M,79.9M,80.7M,81.5M,82.3M,83.1M,83.8M,84.6M,85.4M,86.2M,87.1M,88M,88.9M,89.8M,90.8M,91.7M,92.7M,93.6M,94.6M,95.5M,96.5M,97.3M,98.2M
Zambia,3.16M,3.26M,3.36M,3.46M,3.57M,3.68M,3.8M,3.92M,4.05M,4.18M,4.32M,4.47M,4.62M,4.78M,4.94M,5.11M,5.29M,5.47M,5.66M,5.85M,6.06M,6.27M,6.48M,6.7M,6.92M,7.15M,7.37M,7.6M,7.82M,8.04M,8.25M,8.45M,8.66M,8.87M,9.1M,9.34M,9.6M,9.87M,10.1M,10.4M,10.7M,11M,11.3M,11.6M,11.9M,12.2M,12.5M,12.8M,13.2M,13.6M,14M,14.5M,14.9M,15.4M,15.9M,16.4M,16.9M,17.4M,17.9M,18.4M,18.9M
Zimbabwe,3.91M,4.04M,4.18M,4.32M,4.47M,4.62M,4.78M,4.94M,5.11M,5.29M,5.48M,5.67M,5.88M,6.09M,6.29M,6.5M,6.71M,6.93M,7.16M,7.41M,7.68M,7.96M,8.25M,8.56M,8.88M,9.2M,9.53M,9.85M,10.2M,10.4M,10.7M,10.9M,11.1M,11.3M,11.4M,11.5M,11.7M,11.7M,11.8M,11.9M,11.9M,12M,12M,12M,12.1M,12.2M,12.3M,12.4M,12.5M,12.7M,12.9M,13.1M,13.4M,13.6M,13.8M,14M,14.2M,14.4M,14.6M,14.9M,15.1M
